"CountryName","AIIB.member","IMF.voting.power","foreign.invest.outflow","foreign.invest.inflow","capital.account","financial.account","reserve.related.item","current.account.balance","total.reserve","GDPgrowth","GNIgrowth","domestic.income","domestic.saving","gross.saving","trade","hightech.export","port.infrastructure","exchange.Rate","mobilephone.access","sim_CHN","sim_USA","infras_frequency","invest_frequency","wordscores"
"Andorra",0,0,2028464135.4058,6170665582.62039,1784519144.81512,-31071987815.7292,1862261522.61155,-35965942067.523,-70935383591.3107,1.41753111707474,0.97930316869834,-374980500525373,12.9272275326771,20.5094379261505,97.4770982166784,16200929,3.89297163712045,-1898.21038510366,66241,0.434176965212646,0.425611375784635,0,1,0.162423723823828
"Afghanistan",0,0.09,0,48756005.3,2097090837.72987,1055715950.70214,1074175109.71563,-3988825375.88047,7528550402.40523,1.31253090764642,2.46078576507042,132796353701153,-21.3670158638063,-7.25189983112537,52.8735636084187,-1069141418.19399,3.80512326168326,57.2475,18407168,0.460831711309834,0.297082240948043,0,1,0.334626653327387
"Angola",0,0.18,4253084047.88522,1921699719.14449,1642995.67,-3433642519.13319,-3430312456.50511,-3747517596.21103,28130311504.4249,4.80447270408375,6.77718895405116,-80763206355731.2,21.1275917913871,9.35794060528306,90.2102239595984,-14621729498.7811,2.7,98.3024168556335,14052558,0.528140427259307,0.263466239168919,0,1,0.41346023541415
"Albania",0,0.06,75671601.8652243,1149384240.80512,115190264.971593,-1237634524.2848,67968518.5455238,-1702759964.1875,2665216202.71336,1.79999999809164,0.452487752032042,659394466823.843,5.59705170043981,11.6572553507563,75.455705589104,917486,3.7,105.47923411584,3359654,0.502338147397383,0.388321403114048,0,2,0.267676848564525
"United Arab Emirates",1,0.49,9019073569.48229,10823379305.5165,1591293840.44276,2898135389.24889,2848796574.85479,10769878360.1773,78424385724.3758,3.07988433054452,2.80826367023003,1240844840961.37,45.4256258167134,31.1479598506142,173.355344938426,1555995856,6.5,3.6725,16819024,0.50876414620501,0.35163192850278,1,3,0.349189257125741
"Argentina",0,0.66,1920541433.10505,5065335541.96486,58864868.1337351,-8216336044.71924,-849825136.203778,-8030722106.5367,31410823483.4143,-2.55847744625616,-2.43361217802811,738186133909.875,18.9582378276159,17.0360138349145,28.2283004904424,1473214194,3.7,8.07527599281334,61234216,0.354115383752149,0.364276786089352,1,3,0.123069160794615
"Armenia",0,0.05,16036515.9694977,404344951.14452,70426938.3146126,-845472220.093863,-545075589.705146,-883114618.912824,1489443392.39267,3.60000000000002,2.21060235501172,1931030476490.62,2.39045833801634,13.4610365793445,75.6116848388122,8317916,2.5,415.919789204938,3459137,0.316131759829404,0.268031187795133,0,0,0.257347472889246
"Antigua and Barbuda",0,0.03,6059259.25925926,154773333.333333,793143669.339399,-5012895879.18127,12632909519.5728,-14507303998.9359,297046138.248293,4.60279348115135,4.09809329501402,2919943208.72818,11.2265136281989,25.903610192732,109.202255681793,0,3.84847588944846,2.7,120041,0.465999362504069,0.397370194303491,1,1,0.170252912058706
"Australia",1,1.34,5664678725.47967,45978797620.4125,-359658321.95824,-41330997629.6376,3644459039.12326,-43202182394.3047,53910346084.4978,2.4998512224341,2.3604240010969,1.584578e+12,26.7314073526201,23.9389551230387,42.3016727482017,4691411621,5,1.10936329281692,31010000,0.354861229902097,0.43980363539504,1,1,0.11085151083368
"Austria",1,0.81,-874310179.93576,1715068690.83548,-464279817.646279,3372927797.15024,2890324647.70724,10150716547.3272,25001505276.7679,0.644844831726999,0.593343180827304,305053798840.694,26.95576446291,26.1630853509785,102.732330239067,19269819029,4.4,-166.319016100451,12952605,0.427259183063747,0.47225181206271,0,0,0.113701450517428
"Azerbaijan",1,0.11,1987073000,4430466000,-6917000,7391603000,213520807.081524,10208803000,15816417366.0159,2,4.90891508333731,28308310417.0708,42.8254360115162,39.3303460117197,69.5092051585512,32605511,4.3,0.7843475,10552520,0.303205951068515,0.197543532495441,1,0,0.304806824696209
"Burundi",0,0.06,27413.4386193281,81747197.2345183,81823036.7710761,-373123149.269621,6959469.78735873,-393212867.937052,317139664.96812,4.66091818447367,4.7232699789449,1797195792317.65,2.0419382062192,12.7751423881375,41.3070022873188,345775,2.8,1546.68666666667,3193257,0.381818283708947,0.305394026041265,0,0,0.27720779077725
"Belgium",0,1.3,-11894892128.9835,-19303845018.1129,-1380468586.46092,-4461515545.6897,-1355923225.47746,-3607284364.67205,25444420303.4322,1.6531350757175,1.72774500636838,375290989442.89,24.0451660694108,23.8999490689204,165.487681924366,43698592018,6.4,501.127228658648,12734724,0.394720908189145,0.513528092886887,0,1,0.0632509101456422
"Benin",0,0.05,17255303.3652495,405197656.01573,253239772.127611,-617043311.963382,105960614.917058,-884914660.175173,726019873.91355,6.35752095280107,6.49411034276284,4019754532245.97,16.1954370246901,18.5887139042234,76.5308886342327,3979179,3.35597655698142,494.414952864937,8660432,0.491832543038935,0.336468042683414,1,0,0.356326956805533
"Burkina Faso",0,0.05,69453805.5554736,356821732.388408,404900779.881322,-600404575.710906,-282552057.643409,-997625571.681976,297099531.053204,4.03033688754959,2.45882824091828,4635690829754.38,17.0484452235499,18.0143770271876,66.0565466009737,13333668,3.1,494.414952864937,12494391,0.489143016035168,0.30815118068937,2,1,0.373918720050654
"Bangladesh",1,0.24,41769923.686296,2539190939.68371,496603398.348163,161548677.08588,4571033502.70581,755790761.660141,22319791707.9921,6.06109305375394,4.75914341099242,7532089322721.47,22.0431155047681,37.7324657582395,44.5140801968096,8334619433.45525,3.7,77.6414083333333,126866091,0.441301103560474,0.319678789365321,2,3,0.328094079732516
"Bulgaria",0,0.21,882360000,2067540000,1251090000,-369530000,2338106387.94764,100350000,20129701290.2676,1.32884972234031,2.7133206929423,78925248352.5677,20.4925647512856,23.4687431418708,130.967908582605,1079617724,4.2,1.47418333333333,9486927,0.444708510604396,0.341211560650689,0,0,0.279429029961841
"Bahrain",0,0.11,-79521276.5957447,957712765.957447,1e+08,-3151595744.68085,556484442.316848,1123670212.76596,6229407001.85407,4.35048360348598,0.111761265221659,10774330152.2436,43.9442144119142,19.8983573075201,116.88352034208,46729049,5.7,0.376,2328994,0.469466241903585,0.317339121211806,1,0,0.347207312777781
"Bahamas, The",0,0.07,397479000,251277428.82,-2036513529.62075,-1463334166.29999,51514746.8812508,-1928317811.35429,874337365.33223,-0.524452896217284,-1.72363345204522,7281623000.64052,12.4181483305927,7.33446456247028,103.791651547173,0,4.86316357589881,1,314842,0.353133777194872,0.264949527777562,0,1,0.256698266111995
"Bosnia and Herzegovina",0,0.08,8339380.54821991,523013851.017251,299131402.465438,-961090950.036413,376988578.633637,-1369090403.39399,4860208944.67435,1.08187567036184,0.525367697841943,26068568287.0796,-4.6125089404223,10.6522408865218,90.8028384771823,91727882,3.81047811267909,1.474169186794,3491188,0.428834524258092,0.383571640027698,1,3,0.261440016715376
"Belarus",0,0.16,73400000,1.862e+09,7700000,-5670700000,-2145867127.69311,-5227699999.99999,5067717213.84858,1.72308600279749,2.41172420440689,27887287865507.9,34.7669891595457,28.6058848285112,114.590306295622,660475200,4.76857833494477,1.02241025,11401927,0.426523835828196,0.479434831020555,0,0,0.140636367557875
"Belize",0,0.03,2734613.811,141097030.34391,34230153.21,-82230741.4018921,84873141.5275745,-135861423.197634,486876895.2176,4.08349492414737,3.26217093464824,2628713455.27878,15.4480318125354,11.7320255607299,138.073796103846,0,3.80000115554494,2,172300,0.426326877745582,0.334308672697762,4,7,0.230878300589375
"Bolivia",0,0.06,0,72595676.521648,1170693212.09122,1895298036.97015,971671624.993582,-16356619.9794998,15129278397.2712,5.45898615116793,7.03438532714773,42296118458.4518,22.3557481447694,20.7721358653188,85.2642936088841,33144149,2,6.91,10450341,0.430892384142737,0.455056840476683,0,1,0.146885829033708
"Brazil",1,2.22,26039686230.16,96894980842.28,231478557.4,-100598529768.205,10832925298.3761,-104181322040.975,363570247226.591,0.103371359100009,2.80323539777383,1947850539847.57,18.1307331585583,16.2333139616432,25.1074585348785,8228775226,2.7,2.35295196276669,280728796,0.424977983580247,0.34856116667631,3,5,0.254092148758293
"Barbados",0,0.05,-22264031.310932,485583034.787356,-990916606.266795,-2083281158.51982,-14827893718.2403,4353257793.66376,632258990.00205,0.198484301696141,0.0842147996506668,961034158.103426,1.0361303207552,14.962969277349,85.6461647285883,24928712,5.3,2,305456,0.470028497501364,0.29158946609458,0,2,0.36001109958687
"Brunei Darussalam",1,0.09,381819000,567889727.238288,-604526342.044376,4308779896.13281,246122420.750102,5250593999.71505,3648819902.2697,-2.349746749517,-1.30589116180276,21886018524.0964,65.4159944687716,62.0088235001309,99.2256280248905,55449872,5.2308203418931,1.2670401230814,452054,0.528856273431604,0.419979445768062,0,0,0.288818848680088
"Bhutan",0,0.03,5889711122.6849,8361993.41265386,276308512.811065,-157887077.71229,70520032.1503624,-483645523.206761,1245086703.69609,5.74545516756977,5.72083586052403,55628923966.0282,30.6535905067347,28.71420209516,93.6226199498435,-5538420765.15598,2.1,61.0295144607843,624536,0.447962265631097,0.352477618752451,0,0,0.256750014457684
"Botswana",0,0.07,111367029.138173,515184471.01724,3024539018.71667,967132760.509501,1260084997.5194,2481329752.4159,8322776785.14574,3.20494016684154,3.48805668986122,93346495817.6308,37.6775060582078,46.3478292097464,117.513594323331,16518448,3,8.97608333333334,3410507,0.495397463502641,0.276332605587213,1,0,0.383638268425619
"Central African Republic",0,0.05,0,3475007.99095347,-246490336.934448,637492195.351593,7835283430.22979,-1759772898.83805,259571703.84619,1.04001804711078,-1.60759371981509,43962652251189.9,-14.3327054984522,15.159407144707,50.5926182667035,-952699020.982037,3.72272625831968,494.414952864937,1155620,0.404102426904426,0.286041631074964,0,0,0.335282844028007
"Canada",0,2.22,62203420725.025,65440742032.1611,361147032.68824,-39037783384.6029,5244999139.24262,-40562331761.2182,74700002863.9467,2.47289263838321,2.34295445040154,1829353023460.37,23.294575941832,21.6707870320336,64.2562275632107,31535108526,5.5,1.10610494395711,28789000,0.332126952542815,0.500748357802196,0,1,0.00151263764615428
"Switzerland",1,1.18,7469528385.20016,18375399204.5006,-11755951307.1089,47102803622.1413,35899751004.4048,63514006492.5809,545787304073.241,1.99688615861997,1.10006352723582,641984727846.25,34.8718457315499,33.0817401202945,117.933809851844,55906710140,4.9,0.916151047283613,11150000,0.50198568403473,0.56328351946904,0,0,0.0940002295180227
"Chile",0,0.38,12914542551.5463,22342201009.3271,10235478.78,-3843698283.28729,1056822985.93818,-3316375844.38309,40447384439.2193,1.87639539712494,2.81237868556505,121105214248881,23.0505045570621,20.8047048739931,65.9439000155231,658843080,5,570.34821612744,23680718,0.502003780122284,0.354094524524917,0,0,0.284457521847908
"China",1,6.09,123129554305.76,268097181064.335,-32747983.92,169141157551.48,117783550754.474,277433901970.647,3900039358441.22,7.29766595938162,8.30573504374877,2397522842401204,49.5158300616174,49.6565097673628,45.6519243452375,558605991980,4.6,6.14343409448867,1286093000,1,0.470202679017315,0,0,1
"Cote d'Ivoire",0,0.16,16197324.1103122,438772529.1506,-3086031575.20372,-2045940769.41099,-21784101439.1869,1542625986.18312,4478497714.77663,8.48634556824589,6.29225715466862,15212415794246.5,23.9744482358643,17.9905311771285,77.6429995916437,72379188,5.1,494.414952864937,22104575,0.411200204172434,0.317839782282086,1,1,0.2942353926808
"Cameroon",0,0.08,-106078000,553939000,2267425793.46516,12905082289.1939,4529347850.38692,13658432057.0859,3168216936.52009,5.92696495921939,7.22778171692826,11328301108830,11.3206181465134,16.4393746311165,52.886418086626,26702495,3.6,494.414952864937,17270312,0.335414184634499,0.194610139829714,0,0,0.292935555995435
"Congo, Rep.",0,0.05,6253000,5502260246.9585,289124220.729646,19011941941.766,18606108040.9721,16899516128.5892,4926098410.13882,6.77994095325852,19.1972128317247,2163677761071.56,44.0341216165728,30.2652051922851,143.23939663192,47798389,4.08119598466138,494.414952864937,4930100,0.404500446958696,0.309494122117738,0,0,0.283294276738779
"Colombia",0,0.44,3898950996.12,16324501690.4339,1853069558.25988,-19598714706.1273,4435551310.07518,-19459274656.5459,46809448377.1666,4.38571090109774,4.88712508502856,541450472537188,20.8675574846932,18.7115089350787,37.3157440337106,724222055,3.7,2001.781048176,55330272,0.460231379913717,0.463310496376192,0,1,0.176279279791049
"Comoros",0,0.03,0,4678330.4361,101984363.147085,-27004224360.3454,-7346364021.06112,-30885652111.4826,171159562.37072,2.06163946899514,2.24396006979572,101563258129.135,-16.0658266110489,-0.782078567152638,77.1735467813762,92113373.4719011,3.12687162948086,370.811403081387,383000,0.483653380095164,0.357244516484474,0,1,0.309297842237541
"Cabo Verde",0,0.03,12930689.1424214,135815356.784017,8065552.79644486,-131094034.477348,90707151.1519771,-168466304.710818,510930784.893481,1.86480806888412,4.99987326792342,-80304694738293.3,9.77217172361239,5.87347401754927,58.5119340076603,331,3.9,83.1138883378279,613378,0.51831450376079,0.311502946282489,1,0,0.400507065237906
"Costa Rica",0,0.1,398374657.046146,2951515624.15192,-28241373.680488,-2824445460.88048,-113205658.559785,-2432298366.59546,7211432698.28076,2.97525403263322,2.49455669948833,24681417468092.1,16.5551225313409,26.1438470778336,67.1617463976511,2239269645.53445,3,538.317200279058,7020412,0.534116635001091,0.459275082196256,0,0,0.227538687875955
"Cuba",0,0,21910702348.9664,14387394723.4442,1801215225.10938,-33881038657.0523,20266304503.0685,-44378252806.8759,31144269945.5163,2.18041335155468,3.9370184776009,381901233029927,25.3658658939896,21.3357745468977,112.980879280403,-2095529322.63028,4.93713885930984,1010.98890780046,2530752,0.485231027164668,0.372665067016831,0,0,0.246490880256786
"Cyprus",0,0.09,-2392892755.69188,-754354504.948983,195476131.174634,-1720466459.5717,-224971366.303275,-1008207208.18084,893891173.35885,-1.53145163363409,-0.501930461876228,15333700876.4872,14.3743524938238,7.9528950997461,122.331705317805,29195221,4.9,1953.20552845043,1110802,0.48201936397339,0.397208475805432,0,0,0.258010821422486
"Czech Republic",0,0.46,4074227998.42192,8088661929.8803,1571559326.32321,3118083182.22395,3540103740.9857,437938637.643506,54495073761.5879,2.71511613157801,1.76606394297691,4107060599895.2,32.2448084502974,25.3171881450295,158.726956742669,23084215820,4,20.7575,13913100,0.506419156944555,0.415337650258277,0,0,0.228243358665378
"Germany",1,5.33,115033368516.468,9444773927.54354,1771452603.71808,323910329454.027,-3295286463.32398,281300504778.904,193484844885.189,1.59533809824777,1.43544263703659,2737239823129.94,26.2836661616386,27.1154328854752,84.7810652101794,199718151684,5.7,-3116.24772879565,99530000,0.478213461188876,0.506486400562439,0,0,0.117608052902002
"Dominica",0,0.03,2042592.59259259,35410370.3704,-832687407.129202,5858223124.48842,-4956665596.52146,12031148309.9429,101447742.927629,4.18696309141492,2.92363204100093,121033931279858,3.24249123034607,9.8684299931684,93.7642597816045,-5112863847.39614,4.24536548751196,2.7,73886,0.367099302761909,0.327072125926199,2,4,0.223387781218054
"Denmark",1,0.71,8401906674.09501,-677385204.194261,-55743732.8535471,28551568449.3991,-7998667764.8485,21421473416.7637,75391898442.9736,1.26190583842356,1.54571781825197,1842057826073.48,25.9635619360604,27.5314922003581,100.70169423819,9762544928,5.8,5.61246666666667,7160233,0.566967460652093,0.512920462012187,0,0,0.19392424971407
"Dominican Republic",0,0.12,176800000,2385300000,2200000,-3278163206.40867,650681633.255942,-2140555000,4861785595.87246,7.6089648355893,7.41387218071507,1932506711565.44,18.776168266702,20.3767024950848,56.3313119879206,193265639,4.6,43.5559626980453,8303536,0.387271714463472,0.435568717656181,2,0,0.137469528835361
"Algeria",0,0.42,-18438627.0996402,1503453102.19186,-3120500.63486738,-9676794652.77223,-5941035648.27591,-9506888926.87471,186350597819.058,3.7999999999999,3.51902673254749,395276736619.055,44.1549307951675,43.4671089331648,62.5105145092884,3308544,2.8,80.5790166666667,43298174,0.470309628717262,0.344616411558858,0,1,0.306505349868476
"Ecuador",0,0.17,76552000,772935946.091118,86786649.2521143,-711772569.829258,-474126806.899287,-573963115.130203,3941357328.43794,3.992708508769,3.90096483177602,71750770385.785,26.6812171321662,27.3738664939811,57.4888950542299,74240721,3.91657340674743,1387.0862058561,16605737,0.421619346931534,0.357067576539901,0,7,0.251045985003216
"Egypt, Arab Rep.",1,0.43,252700000,4783200000,192500000,-4112200000,-3259471704.72191,-5972100000,14927002166.4156,2.22879101389299,2.41453265620505,1731144513457.56,5.28093629573243,12.0342597554593,37.413768495171,176345548,4.2,7.07760856060606,95316034,0.363331888616143,0.361929030145797,0,1,0.201085782304981
"Eritrea",0,0.03,2324089992.04735,46510785.84,1545825165.31538,1199681725.02678,22231037230.3671,-10619134332.3163,39040751494.255,2.9607571557768,6.09779592374607,153185802198905,13.4363856343951,18.4967238147205,64.6476051009527,-3339440043.02465,3.45538691966987,15.375,417400,0.467246618779484,0.386314330649591,0,0,0.258533572716939
"Spain",1,1.93,45275979852.6233,35775858956.5103,6598655170.31753,14361794337.0969,4855194817.64657,14151708462.4127,50411867872.7529,1.36067301686447,1.42148771177506,1020240383613.26,22.2727534672865,20.7953320919813,62.595854623689,15400981205,5.8,-191.937085610952,50806251,0.465191799363479,0.407074459936646,0,0,0.213057680818388
"Estonia",0,0.08,834743079.205288,1681871383.10453,283547560.25144,317326679.966284,164200811.982412,225481485.184652,436833333.684,2.82292271752804,2.51028598314038,17605423297.1199,30.6295851100173,29.2327377878628,162.59420748295,1328425394,5.6,1463.68162585336,2062864,0.534569889324315,0.486298955087606,1,0,0.15106478981063
"Ethiopia",0,0.09,-12926751672.2335,2.132e+09,2414001645.75253,-20321672757.675,-38822676.402346,-28639629915.332,-6177877895.05424,10.2791870240632,10.213678977177,702505226512.591,20.5358809767865,9.93975763038882,40.7410841536333,23602365,2.6,439.197200779793,30490000,0.417343739921436,0.364496121791519,0,0,0.265783816882612
"Finland",1,0.51,-166302878.924341,17276980178.6346,247171696.259959,-13120348454.3217,-284044596.690679,-3205025294.81171,10679258852.7593,-0.708430320817726,-0.146228048497861,185952667011.323,20.0254182816852,19.7174218147109,76.2967219181551,3961279492,6.4,-616.198043932608,7602600,0.458812388469705,0.339600649380133,0,2,0.246346216646427
"Fiji",0,0.05,38349999.9957284,347993346.472806,4324850.11273505,-516948188.550336,22213414.5765811,-338987159.737123,916407427.304208,5.4464695320049,4.17921514091185,-34733734027430.2,9.78559106559615,11.6821691806239,119.2324780316,3246115,3.93195409542552,1.88734972339858,876176,0.351267921762506,0.390889877941088,0,0,0.10461577993311
"France",1,4.04,46788374028.2232,-1048274593.7172,2861103475.65164,-11761055555.5268,1110976838.98347,-31473163118.6491,143977170862.924,0.636621653309263,0.570512984024774,2065595821104.17,20.5238032041661,19.6316539381509,59.8814746416295,114697237252,5.2,-1236.41977151546,65425000,0.361239811055836,0.406327168031276,0,0,0.190070707793939
"Micronesia, Fed. Sts.",0,0.03,-511900,20209300,21231500,37800500,10509971.4586887,22407600,114124980.53687,-3.40290533062534,-3.93280571260021,-170529138269656,16.5395747827116,13.0827343727607,78.9940521383482,739501823.035091,4.04330440864519,1,41841392.6111275,0.383452126272322,0.306046604918808,1,0,0.265883838538879
"Gabon",0,0.07,-35779000,1011296178.31174,1886935246.21194,-1610274601.01676,7785907820.66829,-12582227201.9839,2478481052.48833,4.31487712529,12.9324044128091,7409677808843.44,50.6604114667076,35.8472193547446,73.5204674597978,2795178540.35329,3.1,494.414952864937,2932731,0.463098538470437,0.272660505626978,1,1,0.377723845903519
"United Kingdom",1,4.04,-119375111690.2,71364193884.4795,-658101137.280527,-128446338766.226,10140271767.2186,-139686372781.768,107727629479.029,3.07048379406776,2.3242802571725,1713617631547.26,15.4212391905535,12.7500234089864,58.1367696764848,70652924421,5.6,0.607729626878255,78460684,0.360336061129247,0.537270606526622,0,0,-0.0852393926804558
"Georgia",1,0.07,406550711.2,1749816566.67,107938060.34,-1721566936.23,-98036732.3976229,-1750645357.67,2699169996.3529,4.62333190661251,5.67120659942762,10649228692.5629,12.2803619026352,20.0464886517407,103.41376559021,25939625,4.2,1.76566666666667,5400766,0.444932264352304,0.391318019434222,0,4,0.154434133855161
"Ghana",0,0.18,6400000,3363389444.44444,1236025254.18681,-3809681580.602,-85220943.7874672,-3694575338.27762,3221318921.21548,3.98586562415207,2.35047645561907,33521873843.4917,17.7350832525617,18.48881118316,88.4514117678381,1048629760.72556,3.7,81.2249355371484,30360771,0.336744048082686,0.419056143276029,1,2,0.0769729454004748
"Guinea",0,0.07,853000,6.8e+07,-161650600.466208,-8938660512.5124,5745829714.89964,-10912124368.0286,301600722.77968,0.39999860108793,0.0985037188713846,9475146023758.45,-11.3364405320477,-2.06727145242632,80.6214928328527,3445207,2.9,7014.11877725,8683500,0.462661656086186,0.376005973141599,1,3,0.264115095865812
"Gambia, The",0,0.04,16791747.5379196,28404020.7988882,672658229.014123,13503543062.9751,-13607584683.4407,23510809922.8013,159330942.765352,0.877460638350016,-0.345937333952349,24014110433.2303,9.00456111068398,22.548325064164,64.4183406770227,0,4.2,41.7329616505126,2283691,0.518482301243976,0.458593543141782,0,0,0.168771985055537
"Guinea-Bissau",0,0.03,2747347.87577238,28852724.9375525,560770295.678899,-4532453427.19922,382337378.5338,-7712593213.63312,286950989.088721,2.54107510152161,2.20381496505168,394181735373.184,-1.61131300149633,17.2259627178878,50.0190732533685,-5410465798.8948,3.25967306917263,494.414952864937,1108297,0.490156928563962,0.286560228992188,0,0,0.381603741834558
"Equatorial Guinea",0,0.06,0,319569592.34651,1318208703.8007,-655024936.60454,1369678521.84123,-6595002256.6196,2906843520.49923,-0.677282946263475,0.444538291173188,7221149875467.78,57.431246905415,38.2482657377073,105.714268852987,13875793323.3915,5.45090127037597,494.414952864937,516540,0.388076027990288,0.283701408433898,0,0,0.281238773911734
"Greece",0,0.51,3015335276.06774,2696796378.89563,3354634133.21958,2174132309.14388,5472457673.98333,-3735734253.24938,6236288773.2901,0.352849232575196,0.46967975178643,185409186041.892,9.39214144699116,8.9670026916218,67.4429214594709,1209944931,4.7,-1246.92890832794,12270675,0.452020576278307,0.287206664959312,0,1,0.359336605294909
"Grenada",0,0.03,533333.333333333,38242222.2222222,1576030915.22666,10226990286.6497,-8116029627.62781,14793652152.414,169949449.853043,7.3567702653405,5.12810772727886,-229890332123075,2.70856968711906,15.5450800966055,71.5577976432344,13583759780.5636,2.42584693274308,2.7,117151,0.356716803232015,0.402530302632765,0,1,0.132876447731173
"Guatemala",0,0.11,-116701352.426812,1165765000,-1814493240.02505,-1724422452.42681,72502938.6037839,-1229741257.90571,7330866971.67438,4.17416913658175,3.72729493024254,228786632970.64,3.30495641142696,11.6360233858385,56.717915109745,211783122,4,7.73223333333333,16911811,0.414473126419637,0.386449469303683,1,0,0.249012323074365
"Guyana",0,0.07,0,237750048.55,52909710,-314457859.09,22341335.7062612,-385182803.31344,667925096.67203,3.84091528536199,1.53269457431859,-241071195341587,-7.6716378439132,6.19610052189792,132.733738205654,105393,3.5,206.449166666667,566905,0.449544369870678,0.393624701703075,1,2,0.230633473882654
"Honduras",0,0.08,174084222.602608,1294065691.43779,47502643.365,-1192594647.56421,455966905.618092,-1444242849.8583,3458314094.10734,3.08521496129973,3.22940456909642,163221143683.06,3.18904464887111,14.7970040538045,112.609234550673,41817226,4.1,844.731051052428,7725092,0.334555817178992,0.480633871301934,0,7,0.0219505272301683
"Croatia",0,0.17,2216664355.13455,3959857736.72732,101973776.478726,-178812519.271189,-764522186.626067,448060736.081718,15423622233.3927,-0.360434269363935,-0.356669373589526,315562044752.807,20.2332334828461,20.2840655340446,90.5123346086578,731324425,4.6,5.74816541666667,4461352,0.46042134922759,0.330801032012781,1,1,0.300126580533202
"Haiti",0,0.06,0,9.9e+07,31209793.51,-701598400.15658,-1046046646.7413,-801787901.4165,2034930204.96247,2.79683025903977,2.42664103846455,16194443636.7756,-4.11557039623772,22.0880452261924,72.9317002918573,-2506164798.37461,2.5,45.2159808923792,6769312,0.501011583075681,0.38622473965325,0,1,0.239488534256633
"Hungary",0,0.41,9050481596.99666,12596679634.7769,5125541658.93909,5923172675.73531,1199163717.59629,2765253592.89426,42019881732.4703,4.04732118010025,2.4052190985152,28556950671624.3,29.7966540152841,23.9861926248315,170.368752636562,12889370773,3.8,232.601666666667,11726491,0.208401189297,0.313332953116399,0,0,0.135399427779149
"Indonesia",1,0.95,10387533776.9083,25120732059.5134,26573826.6663247,-29667521861.8294,15248334582.6205,-27509865798.2326,111862604046.204,5.02388905198994,4.62007542131981,8444236431247390,33.7789609175345,31.0307920729074,48.057271153145,4980582046,4,11865.2112962963,325582819,0.434256882113199,0.475828686739072,0,1,0.148347941003717
"India",1,2.64,11686480933.1168,34576643694.1383,-74333637.3468819,-29990268879.2343,37583451673.1386,-27314281992.5894,325081060905.901,7.24347174583309,7.31222652562732,104015297592974,31.1135827412639,33.1448574087927,48.7995599465149,17315676298,4,61.0295144607843,944008677,0.503765700429087,0.524949723174201,0,0,0.108556507822307
"Ireland",0,0.72,98451299942.1891,86765614578.4911,179765205.177046,8780262845.79137,11309330090.102,8914347220.14628,1749394869.51586,8.46236674549191,10.7154548534008,183334565998.559,39.8671578070663,23.3043552965606,209.656684636967,21260562125,5.3,1685.80998012753,4914368,0.501501109095537,0.49892419735795,0,0,0.127248132512974
"Iran, Islamic Rep.",1,0.74,89335000,2105494000,-173894628.179731,-40359593240.667,32411285904.2745,-42839548470.4546,15729531960.0138,4.34334340221696,4.31047472217494,1993710098340120,38.6652178885966,-17.5101817461608,43.0630037197066,-3811244910.30461,4,25941.6641445972,68891151,0.417659359157773,0.468570017114183,0,0,0.0907425873211949
"Iraq",0,0.36,241500000,4781800000,2868027434.18332,-10545120806.1951,23976413870.4209,-17003922872.2111,66368652505.6425,0.0601088720166558,0.281557915621981,42691177046246.7,52.1665916760405,33.8390784127728,63.310911136108,13443111707.2313,4.5644530032159,1166,3.3e+07,0.448463750501033,0.444362205845209,0,0,0.165132520240137
"Iceland",1,0.09,21337987.7855653,766784288.746336,-13601380.6535087,584655232.533444,3588356048.29288,672699372.319884,4177067662.19601,1.82666045354701,1.4201536117819,1721606623613.7,23.051285402612,22.3492519070602,100.992127725888,118378747,5.9,116.767352506899,370047,0.506413338721557,0.396780665090666,1,0,0.262809782936048
"Israel",1,0.41,3667200000,6.738e+09,355400000,15967900000,7158696492.21542,11817200000,86101262662.7898,3.16304703399375,4.0474772576044,1023416527049.77,21.9599799410905,23.9810028160319,62.6032590296774,10241482000,3.8,3.577925,9500000,0.325853077527895,0.446818188346169,0,0,-0.0667472046676741
"Italy",1,3.03,20408855814.3372,17028003371.6525,4224756950.22833,56694000932.3496,-1212819737.24714,39535564308.6336,142756539021.191,0.0918949980592174,0.244649779652491,1541964491389.24,19.7649681940234,18.1690050220298,55.8071969346659,30744972831,4.5,-1007.07217717751,94226354,0.42447438893355,0.479645500036128,0,3,0.05306699312644
"Jamaica",0,0.11,-2145102.92293591,582148741.614112,9088165.55165912,-1301172382.43574,800342727.556075,-1114294109.20479,2473011829.08431,0.694621084436164,0.445505118679264,801358082516.479,0.240835067869032,14.2653855882073,84.7511122325145,3341254,4.9,110.934529155866,3005490,0.519276189991294,0.357546043747655,0,0,0.304943047138236
"Jordan",1,0.1,83380281.6901408,2009304225.35211,4366197.18309859,-1275817746.47887,1986059829.05033,-2607929577.46479,16047206792.6976,3.09633027522935,2.96430193889088,10052320990.9296,1.56519068251016,20.690785546988,113.07138171667,80053130,4.1,0.71,11092404,0.410413117323931,0.401792084441514,1,1,0.186696269702408
"Japan",0,6.16,136254831101.28,18409187112.4615,-1993455509.87791,58371595263.6588,8477274511.90811,36024923433.5749,1260680415997.38,-0.0314292658077306,0.295613598532228,485928835315775,18.7084290674721,22.3394050176948,38.5966983941308,100954836424,5.3,105.944781034025,152695677,0.39674191593872,0.362563292541103,0,1,0.220339951237272
"Kazakhstan",1,0.26,2323588988.07728,7090689354.25121,29342050.101,-3015219493.7945,4254881206.53571,5957392729.32636,29250312400.2281,4.20000000000003,4.56881501583975,15732854786538.7,39.5017287715213,28.6761750791166,64.9720346513507,3321231321,2.7,179.191666666667,28595600,0.545227708733959,0.407871944122432,1,0,0.254867426178486
"Kenya",0,0.14,-78485329.5352562,944327305.005736,23930257.2735964,-5398333619.30479,1377948299.0626,-6339432924.00088,7911257728.63026,5.33185940382775,5.23103158641831,3733509961414.25,5.21837636763109,10.7096016076457,51.1249124679049,4235225265.99683,4.3,87.9221638089727,33632631,0.469164622968869,0.410067918304406,0,3,0.229859450494336
"Kyrgyz Republic",1,0.05,117518200,352896700,65765923.7836138,-791568464.375696,-251131786.151067,-1300932081.32364,1957489557.65069,4.02403862892811,4.77055464983738,37186153853.4317,-13.4721508183302,12.6139066456907,125.126181075833,-2988757819.80303,1.3,53.654058312852,7563444,0.515617753560067,0.306757539883896,1,1,0.39150291532911
"Cambodia",1,0.06,31920287.281127,1730355930.06587,277622801.4,-1410596719.56139,754387238.638842,-1656718570.70956,6108206450.73458,7.07152535164744,7.0336116355022,43470420553649.4,17.609921242359,15.4687562871226,129.031222993455,30874012,3.6,4037.5,20451982,0.486590746129859,0.285807280937283,0,0,0.436680485903676
"Kiribati",0,0.03,7870611.7592613,8270650.22182644,31888067.1883451,98489513.2482167,1715015.18407027,44743513.1468112,20356162862.5897,2.40868769930047,2.88625040528918,23812000586117.9,28.5377177483311,20.9149480444524,103.670768767195,11635737491.0293,3.95163357451892,1.10936329281692,30000,0.454254556989628,0.380142539058771,2,2,0.225624928468393
"St. Kitts and Nevis",0,0.03,2443333.33333333,120122222.222222,816575912.237866,-14680667085.6568,-323133121.482166,-13733094785.2838,327252729.165287,5.96305655603146,4.07601218696801,-95450013630321.2,35.6429536010271,25.098193784581,94.0681679882111,16077716263.8298,4.58502260931386,2.7,65000,0.436105603300166,0.218639541266848,2,3,0.462162427300959
"Korea, Rep.",0,0,28039200000,9273600000,-8900000,8.9334e+10,17885800000,8.4373e+10,362834710646.116,3.34144751931207,2.9402724079084,1411610803920810,34.5307548527188,34.4927963332939,95.297215969565,133447400828,5.3,1052.96083333333,57290356,0.502239140132966,0.393389390685414,0,0,0.282952911225727
"Kuwait",1,0.41,13108021313.0158,485806657.75508,3990973314.75931,58277550649.4908,1252631452.43182,53965916437.5612,35175366197.0242,0.500109942369747,1.18149522697206,41090477319.4464,53.265636815383,49.6231342612164,100.036728961867,5333902,3.9,0.284567141666667,7600000,0.503862243541943,0.334951230129664,0,0,0.392692325020054
"Lao PDR",1,0.05,1931000,913243369.807065,475756761.921468,-1565904490.88235,159630045.260717,-1178332211.03819,1218805730.88974,7.51652413963899,9.16722461161154,601345779827113,14.0197154545669,11.4905495040851,96.6173299262447,10143717974.254,2.6,8048.96033333333,4618586,0.431997140148801,0.267920182256914,0,1,0.370296401007282
"Lebanon",0,0.16,1213034580.57802,2906102525.89648,1392143534.12209,-10623974346.7087,3307871828.53136,-11667096926.2222,50668864745.8878,1.79999999999336,1.02527136502772,69642415964166.8,19.3136845072629,22.990528655451,126.854455143213,38146559,4.1,1507.5,4387275,0.403999489158753,0.374097173430196,2,0,0.229600504100989
"Liberia",0,0.08,2654691957.96639,720075739.181952,117938222.256787,-912855845.784245,-53231168.8278557,-1611433992.35128,499007526.325419,0.701141635823376,1.10890466978898,670245338.40921,-50.4521510183805,-3.20073127452955,119.920516641828,-3347768652.2697,3.70475372532694,83.8925,3225258,0.38104304259575,0.336398449757832,0,0,0.22810505740849
"Libya",0,0.34,7.8e+07,5e+07,-540980329.349324,3398187831.58683,-7555676473.55247,18170815610.2815,93615460032.9457,5.6222750747256,4.53232175696134,-59957318488146.3,2.40314862945663,18.2319771868139,70.914844243693,2124609323.32908,2.6,1.27240206718888,10075600,0.396703875782804,0.324222540226274,3,0,0.251976891952238
"St. Lucia",0,0.03,2505555.55555556,93141481.4814815,1065355230.79583,24139130516.4164,-1798252189.16054,27725807227.8048,257658591.287367,0.437189169326558,-1.70995310658581,-305116821991410,10.9670793828417,20.3972947298282,99.2113974761545,1728467,4.66739554375634,2.7,188351,0.437681641135664,0.355993471919444,0,0,0.238841551641752
"Liechtenstein",0,0,-191370991.997711,-3149775401.04797,-208405607.415163,-27695307618.8016,15597832244.8492,-38177913442.1733,-167810398216.071,2.84434333329078,1.06655403501763,64323232020972,3.88181528701569,12.2081921833797,93.7181778340959,-15552771482.2148,4.32980400980082,3474.56842531149,40652,0.449303185897249,0.413737209790554,0,0,0.173153133469046
"Sri Lanka",1,0.14,66823329.7738408,893628980.287066,58254756.3118488,-1536054932.11036,2267638313.95654,-1987684224.225,8210750397.22915,4.87860303349355,4.93361202294813,8361666506077.72,23.9717547432737,29.4879857830713,49.8308749215197,67647675,4.2,130.564685218829,22123000,0.461830800234196,0.296019554016725,2,3,0.35737107936657
"Lesotho",0,0.04,-31360000,94459059.3645602,32643947.0929341,-145202945.137539,124501924.583461,-190790058.086964,1070831312.34636,4.54177889962357,1.61308052231837,-11287580378359.4,4.10861901316875,17.1224517652807,53.0216279860206,11880034148.7548,2.7,10.8526555687831,2138789,0.546447060085761,0.434873151970854,0,0,0.264130467905694
"Lithuania",0,0.12,487380757.353867,504472635.102487,1286873084.67284,578040556.922964,1615036419.59093,1701448076.85214,8729461246.6618,3.03246998460926,4.47968313691327,32668607824.8465,20.2540514194865,22.1419166313603,160.512860831392,1900957548,4.9,2.60029166666667,4267592,0.39557393622875,0.436255486573053,0,0,0.174698831265372
"Luxembourg",1,0.29,23436743347.4277,12073272825.451,-1411268959.81624,1894847570.45924,-129946863.73229,3328540820.91059,863657874.00651,4.06929338108021,5.09916809632538,44477271264.8314,51.7177769824633,19.1217505868167,374.147758065341,648727115,5,6858.58440760129,802400,0.514611014151344,0.423982580322224,0,0,0.243300267519795
"Latvia",0,0.1,590351028.532788,1083404284.49443,1004810579.27757,881800267.109509,-154642996.734523,-624050807.642828,3228079426.23591,2.09946988072831,2.142475917239,20752590708.1805,21.2041944806482,20.9684571556795,121.07484360837,1119714939,5.2,-529.2251934596,2384000,0.538265528947158,0.41462522302126,0,0,0.238704044204246
"Morocco",0,0.21,431230069.369498,3525625590.44221,1777265.20406105,-5590162077.90833,3725922918.61066,-6267165383.81393,20526505866.4643,2.55104466824531,1.78231653125454,860907138721.978,19.6650196601479,26.3570360796175,81.1770322703574,869791832,4.9,8.40633668826152,44114534,0.369697888322671,0.226141547206339,0,1,0.318157526303997
"Monaco",0,0,16046190111.1889,12423326446.1647,983097374.94158,-3780220393.26585,-13882906589.8857,-9258825722.94329,91923018003.5399,-0.618896656106026,0.549115701970495,627179260460974,9.37666604424009,11.7149477260626,74.2428918491,9740854320.33177,4.90671472926117,2602.82075269226,33675,0.416815915347644,0.412307648075584,0,0,0.196405414780992
"Moldova",0,0.06,35490000,349930000,96780000,-563660000,-509205902.023191,-569080000,2156677865.16685,4.799999749427,4.15594661854921,23971278403.0856,-10.9317269076305,18.5113462418563,120.059794734494,23886881,2.2,14.0356300499232,3738125,0.423979514291967,0.291016429071655,0,2,0.297404118831885
"Madagascar",0,0.08,0,350652561.706165,1296703209.47778,-38509902199.5967,-15298312207.1418,-28184381885.9912,773817675.98807,3.31585415515224,3.68596525270534,652021197597.324,3.8189217555967,12.093667761393,74.6695666476954,3961124,3.4,2414.81166666667,9713883,0.382745453942431,0.280665929067459,2,3,0.300877353389856
"Maldives",1,0.03,-1605152811.26265,333375218.034333,6597340.92387768,-290464920.685872,253362616.705045,-117821833.975177,627407086.124104,5.99732642311237,3.47861873520485,41875997163618.5,10.5283272199009,13.798004022099,196.913906913217,-1687173316.75975,4.25042444836291,15.3803935180893,665818,0.352529236707642,0.445872911703073,0,0,0.0931690966205359
"Mexico",0,1.8,7462804020,26947953856.29,956487243.952475,-43814972561.6672,16721932950.5361,-26248568796.3,195681644250.838,2.2453085669359,2.93428996488471,13614248089996.1,20.477833419468,21.4520940358487,65.6794861545394,49402709617,4.3,13.29245,104798294,0.4950255596318,0.419018075771026,0,0,0.239142610567555
"Marshall Islands",0,0.03,-46273000,9047685.07797494,8815755,-14037204.9667421,12.0426317587047,-4879368.57204494,37035069888.126,-0.949645655320026,-0.543263298904342,350453844240147,15.0015359439098,24.6048602132193,106.265746509899,12298366336.2932,3.72759874649771,2472.17572996833,15500,0.438537644649108,0.402733040679786,0,0,0.181433265427533
"Macedonia, FYR",0,0.06,-200509668.22829,60879915.45137,4000880.5932,-50492778.3175915,660005145.236667,-71568230.4013343,2964236429.75075,3.540834354705,4.02453974438117,405745981972.994,13.1745367375671,29.8853588427432,112.971179958906,122954582,3.4,46.4371308333333,2224439,0.461329901831913,0.391607761649498,1,1,0.180921505940836
"Mali",0,0.07,614463.616522115,144022996.875095,230754368.044298,-484084287.121838,-485304348.802096,-675835486.09073,860826741.834223,7.04335620365953,7.83964993921913,4510868394023.77,9.21070774958508,20.291554679368,55.1345334395518,8661221310.58726,3.1,494.414952864937,23505559,0.492907789010271,0.311388413239478,0,0,0.397594391157
"Malta",1,0.06,-8993671057.50263,-306773130.798083,190166363.569205,175967830.111278,30356710.1254581,754642088.391316,619373741.26347,3.46097915656811,6.33588516782082,7561108805.1039,26.3144237541549,25.3898743288814,286.768649062759,849241705,5.5,1249.80674760994,546229,0.504075704514998,0.502698075242184,0,0,0.121029413513221
"Myanmar",1,0.13,3986708097.29688,2175015283.77713,-1778801.24180657,-636472584.101649,672923848.369936,-2724552594.598,6479101439.09076,7.99124334352032,6.89153069920611,52831176083461.9,16.3116277023862,17.0756645400057,42.2588121887143,-15735274733.3152,2.6,984.345747560046,29029342,0.482126760216214,0.367597071524912,0,0,0.324697500533658
"Montenegro",0,0.04,27877289.001118,496835255.407952,-8867.26292482201,-159013577.910165,161118792.231291,-698725866.932516,661395517.475374,1.78365267085452,1.15753837582635,1672013372.57294,0.381124959187905,5.01018941106084,100.127648954386,7721070,4.2,0.753730736717402,1013296,0.438896012071094,0.262927096170458,0,0,0.343826784084903
"Mongolia",1,0.04,107935439.466876,337768268.083171,135580250.70447,-1974877780.55108,-470975502.137615,-1934341990.19237,1651791213.59642,7.88522582881501,5.12998961444254,15439775969203.1,30.3509828574477,23.445575328926,109.32231164163,33611478,1.7,1817.93870833333,3027243,0.492350256729575,0.317736059822184,1,4,0.313073534241017
"Mozambique",0,0.07,97009245.0140001,4998799334.35621,374887854.758473,-5444882852.00001,-107340848.567879,-5797145543.34139,3221261234.18655,7.44383742854022,6.51532554163894,429361953674.007,3.95862723556877,10.8590869202253,118.122605694891,43938980,3.7,31.3526877009443,18482638,0.511445080831279,0.29557029664727,1,1,0.442687827655412
"Mauritania",0,0.05,30016000,502589833.81816,16027385.6460926,-1518484809.89373,-385773898.67373,-1473118227.40934,5952403703.93984,4.20621405554971,5.32333823557377,-87866717127101,28.4445513687679,25.8911248191594,103.717168518795,-26093341901.194,2.4,302.725,3753330,0.517035732425214,0.368410614490126,3,4,0.308884380485603
"Mauritius",0,0.06,90818245.9440395,418430127.752959,179468.032904243,-612006085.199624,755847224.736363,-714255680.396127,3920881279.02821,3.74457443372475,1.15178364633044,283306946077.26,8.50860323112159,4.32817449317843,113.292795527238,276502,5,30.6216166666667,1652000,0.524102759284126,0.348143695506831,0,2,0.377754105864926
"Malawi",0,0.06,-4736025.70975542,598087746.648762,456826190.179976,-739321562.090501,180733114.044678,-1128539240.98294,617875527.264481,5.7000000037721,6.00703727276056,1196137931071.39,6.53557966705674,12.8495064634265,73.3990481007138,6096774,2.6,424.895808098656,5632514,0.401870037042804,0.218194906557726,0,0,0.39981623698971
"Malaysia",1,0.75,16059874463.9851,10619431769.7803,103323086.547037,13097462075.5369,-11080244644.8053,14846475978.3781,115958884711.898,6.01216652008209,5.95402560062881,1014860364100.67,34.2912479913526,29.3527420183992,138.309446471921,63376041042,5.6,3.27285974643047,44928600,0.436812514559834,0.507437681340628,0,0,-0.0163594273447266
"Namibia",0,0.07,-90057333.1189231,405454698.164731,137728718.559976,-1141953572.10793,-1255259002.89404,-959125520.408839,1177200538.15256,6.45880961469447,6.99169723635127,109875549460.09,12.1175373205077,25.3887455253376,104.504142100699,83161368,5.2,10.8526555687831,2670983,0.460994862825934,0.315552773740922,0,0,0.310321086047317
"Niger",0,0.06,88543025.5959063,821872313.744526,878450287.454686,-8332437373.46714,14225877193.2291,-15570640041.1012,1281483680.13588,7.04979794804296,7.72370165283451,2945169011449.8,19.5790812259021,19.3764449764328,60.1819503773482,69108666,4.05647302747893,494.414952864937,8236400,0.4101687556188,0.334544039023013,1,0,0.244147265716963
"Nigeria",0,0.52,1601232660.37564,4655849169.77532,-3128194049.48032,-12186821024.1576,-8384095774.7251,899199643.808741,37497241208.0224,6.30971825251392,8.12722999875268,61976083412263.8,21.7877611060543,22.2426293865794,30.8851935972786,139618952,3.2,158.552641666667,138960320,0.479715106326592,0.356424228215303,1,0,0.302216329689329
"Nicaragua",0,0.08,79900000,883500000,298300000,-1012900000,313421688.552994,-913400000,2276177372.24628,4.56521214601311,4.91423767385069,167252302137.061,9.80486964259562,19.4406426193981,102.395346105997,8198780,3.2,25.9589003667435,7067860,0.521507461368122,0.401779859430425,0,0,0.316546730018701
"Netherlands",1,1.77,57664979689.1201,101393606621.904,-732914518.140147,81607907415.352,-1595855002.41671,78608328486.554,43054424385.9934,1.41969029584088,-0.226252940521547,634772933828.695,29.311863506926,27.0745428064853,154.288485206815,70308349003,6.8,-797.980080201552,19562000,0.463579860800928,0.335582335211894,0,0,0.274331569387184
"Norway",1,0.78,27490562145.3215,6152385999.48393,-200579036.410859,62972536554.0689,7179118302.69697,54964662112.8759,64800734876.8257,1.91881952572395,5.24418349126685,2820416086815.53,37.0505905194004,40.2724998593462,68.8179517642979,5226184042,5.7,6.30166666666667,5913406,0.456682705040684,0.427062576255537,0,1,0.205981610024542
"Nepal",1,0.06,744090008.765454,30403267.3342737,141227104.547206,798253970.510058,846437099.645956,496224879.05871,6216255232.30751,5.98898466088025,6.96720001264373,739938611497.856,11.922786263917,46.5861054311867,52.2551956792045,1058351,2.2,97.5541666666667,23021340,0.546518977452192,0.344105292609433,0,0,0.355688873435237
"Nauru",0,0.03,0,0,-1829575668.89855,-4360036557.96645,-484897131.86508,12375160501.8819,60856836900.1712,36.5241970345202,32.5559544311297,247735260262628,32.9507234659369,36.7898213793983,93.3276388148126,-788106252.000939,1.87232865274014,5167.98319071789,126156487.929442,0.488099185027915,0.423492527842163,0,1,0.24307481875443
"New Zealand",1,0.28,1422388363.46075,3295679653.58657,32402618.9127176,-3401551793.73416,-139554931.928462,-6369733015.76587,15861076053.6333,3.57617579967464,3.58412539539654,232597560729.226,23.3490839757938,19.240539881414,55.2350161651331,644639540,5.8,1.20543333333333,5100000,0.430871107619967,0.389575242167089,0,0,0.20291901595629
"Oman",1,0.14,1356306892.06762,1505331599.47984,-130559167.750325,2809089726.91808,1117388203.26004,4188411259.02029,16324458541.905,2.54273924150128,1.24170209278194,28993067188.7881,47.5768662943706,29.5014755090493,116.252647795109,230872191,5.2,0.3845,6194169,0.471087832008826,0.312314909713757,0,0,0.310831487528386
"Pakistan",1,0.43,1.22e+08,1.867e+09,1.961e+09,-1.68e+09,7098741398.90503,-3.616e+09,14306813743.5247,4.67470798143725,5.16438018096829,10434502051231.4,8.21919435587029,22.5727530091317,30.9012446161031,259253378,4.4,101.100088423521,135762031,0.500103821846677,0.400614876700609,0,3,0.281595108254958
"Panama",0,0.1,780900000,4761200000,24200000,-5092600000,396964351.348857,-4794500000,4032197650.08614,6.05333395748056,6.43777292419556,33775809870.8551,39.2022718100028,33.251309072295,114.983038930203,231391,6.3,1,6205238,0.411825722822652,0.443691785286142,0,2,0.143572201929097
"Peru",0,0.29,95952000,7884539123.8287,33191483.7,-9005934079.46402,-3307472624.33786,-8196270819.3935,62529774258.1106,2.35433303756285,3.07306345831289,476269826572.03,23.015873015873,20.9485529283583,46.7924594414661,185817380,3.7,2.83904413780664,31880043,0.447332711125792,0.308880815577401,1,1,0.333144318599817
"Philippines",1,0.44,6753922593.24043,5739574024.13183,107884711.67,6773174251.60322,-2858083225.00522,10755931842.7773,79629434478.0397,6.21842575154629,5.77016218792036,6868176305817.19,16.9525997302386,45.9939643306529,61.2633898020038,23839225492,3.5,44.3951543042097,111326045,0.537036826860246,0.327612356828889,1,1,0.387400325181686
"Palau",0,0.03,0,39860115.385,21052420,-15019963.4173458,13.6713811181049,-48393720.9253058,-12478021652.2268,4.25652667423381,2.95973278613722,485044357198667,33.8813370367221,23.7762104758897,150.754125149462,1102773,4.62655939413372,4175.45919971633,19114,0.432176495899538,0.379131312843325,1,0,0.234660805789844
"Papua New Guinea",0,0.06,0,-30389394.5888189,9709980.35658786,3112028390.51997,-104723790.317782,2386867556.27421,2329505281.50071,8.5339018016779,4.09819903450032,116105487868042,14.4836667476914,26.5037418085163,94.7729074075454,-1361626512.34261,3.37664562130882,2.461385,3358900,0.509963639884301,0.328275084572961,3,2,0.378288848348032
"Poland",1,0.84,6.799e+09,1.9776e+10,1.3305e+10,-6.351e+09,370545396.419215,-1.1444e+10,100452428565.274,3.28257009347972,3.07584750410301,1615744018569.7,21.8087531342603,18.1834213911231,93.7364802314817,14487253098,4,3.15454166666667,56905306,0.551621348958073,0.458317642266533,0,0,0.24278481014764
"Korea, Dem. People‰Ûªs Rep.",1,1.74,0,63271000,-1702733491.75965,9516293362.6821,-9250050274.47661,2934008561.00798,-23370412490.1839,-0.103076306502967,1.80578846893318,-108954599642034,11.2710598858579,16.0948068994452,106.24284712445,-1893974405.1141,4.20898213810405,534.591324405589,2800000,0.387772621953257,0.272750961934281,0,0,0.332009141435794
"Portugal",1,0.44,9445403987.75187,13116192059.9666,3389116463.12362,3891499756.32119,-185765384.744856,93632113.5217487,19700742158.7829,0.905793617822454,0.591365107484492,170271127140.215,15.5209380440016,14.5930749486436,79.7113377963351,2088870513,5.4,-1690.05335465612,11895627,0.520592770875288,0.370214813753589,0,1,0.322384972542676
"Paraguay",0,0.07,113328000,459020000,1.41e+08,-343845277.777778,1138104357.24011,-127003570.7593,6986587125.88019,4.72233374488668,5.71699417805314,27255383935880.6,18.5991149891047,15.5844607306216,88.0707726139262,55955000,3.2,4462.19166666667,7305277,0.524999451070678,0.364545874251847,1,0,0.333068084545876
"Qatar",1,0.18,6748351648.35165,1040384615.38462,-2722252747.25275,44940790681.3164,1293542035.09061,49409890109.8901,43215461579.1448,3.97888214728583,4.97909232245787,724422562375.524,68.7519482906996,55.7493798773876,99.0343138952759,33285,5.4,3.64,3305822,0.556873686271478,0.446458232424176,1,0,0.30238274155275
"Romania",0,0.39,269206756.850865,3869197075.10542,5206027562.31925,3962532530.30222,3959655266.04487,-1382752069.81905,43186336194.6859,3.07630230971144,4.11045792515581,411667812365.577,24.2509993360709,24.1010836167978,82.8234678892382,3439802540,3.4,3.349175,22920000,0.490720513264706,0.332945869213046,1,0,0.303999147686712
"Russian Federation",1,2.59,57082200000,22031320000,-42005080000,23502190000,-107545881269.666,57512800000,386216377124.801,0.706370560425242,0.99848288978697,61665112795894.2,27.7163130103725,24.0072361206599,48.4452695484886,9842669327,3.9,38.3782071444168,221030353,0.433526438748252,0.428862884281844,1,0,0.130443197467591
"Rwanda",0,0.06,3787824.11073314,291726096.488204,337050427.947147,-681766971.337638,-90424190.8729908,-1046617576.9744,1065966506.51205,7.00913242009133,6.82183470656976,4662291789722.39,9.47173308619092,14.09364459948,46.1723818350324,6554503,3.6,681.861718947266,7747019,0.359822899977148,0.346452913711991,0,1,0.223709976798968
"Sudan",0,0.06,12594796879.6304,1251280889.37784,212766975,-1896938333.9072,-351789694.934094,-3545466635.30172,181457791.99933,2.67941181278037,39.8059372261875,25408591620.153,13.2790944658384,5.5172582227355,19.458834255033,-25891942733.3542,1.62675829697779,5.73686666666667,27796611,0.495584758889203,0.274646449718698,0,2,0.478447035709644
"Senegal",0,0.09,27423118.8224272,402561894.30899,437000739.455836,-900357841.971671,64640882.3123488,-1347835449.02624,2038122865.07022,4.31105102139782,5.31941720511806,5327719053019.7,5.63145025953991,17.1612939061363,75.3965417247799,9962862,4.4,494.414952864937,14379729,0.438049435617169,0.273001758545395,1,0,0.342942408836125
"Singapore",1,0.8,39131289215.106,68495560554.0429,1422917341.48758,53032398090.0517,6818885311.58566,53515725504.1237,261582784388.068,3.26001528805058,1.31046028079453,371213004077.343,53.3734017914877,46.394531148278,359.773449193521,137369116389,6.7,1.26705,8103800,0.380734143090971,0.294651948825982,0,0,0.273324755773124
"Solomon Islands",0,0.03,673085.242613367,21022029.9741671,70628600.2819652,10701177.0157618,700671.880197085,-49565109.1606839,495902625.3202,1.50742629128797,2.0216009865284,244970054487363,16.6778790958923,19.2113334700586,113.494060961313,0,3.98169740104175,7.37534535364211,376696,0.423175622411526,0.280897319576439,2,1,0.404642394639866
"Sierra Leone",0,0.07,0,403907287.08912,162641803.123009,-738683297.060408,-504790307.389195,-910410846.35374,600785081.236538,4.55677236618281,2.98457548439221,8543068489141.62,-7.97659253798212,6.14023314479081,83.1857952601718,7244,3.4,4524.15788192546,4756800,0.457479700574123,0.426352929724432,3,0,0.215706013958675
"El Salvador",0,0.09,198185138.05,509251538.57993,63578880.33,-734991474.877047,-32778946.055363,-1311932935.71616,2693300047.06251,1.42526204252933,1.19470813315492,9222108574.53396,-4.20129159981161,8.41252765756328,69.5707705694055,189329660,4.7,8.75,9193342,0.560749959020952,0.436316694580636,0,1,0.276260564020119
"San Marino",0,0.04,-3647530950.84141,907198748.35434,-477650304.200804,30096080079.6356,16426659627.4805,25513907713.6121,392044453.61038,-1.1787641687841,-2.56386034120511,223152399951118,11.8570716868316,26.7589467584964,87.8298695923415,11509592414.9528,4.78203753043682,0.753730736717402,37600,0.455510970183185,0.360656822301743,0,0,0.2475182591917
"Somalia",0,0.04,105796100.365576,4.34e+08,-3935298539.27476,10280768681.6367,4184677385.91064,46421014.4591034,-30772321275.432,2.8985815709911,3.24347257318915,205998396043635,20.1742557406897,19.4496190290226,76.1643350451567,-668425642.386842,3.67372178894043,1100.14113195089,5500000,0.308343631706676,0.300219313296241,0,1,0.151886621165255
"South Sudan",0,0.08,15765135824.2464,1035825.73,223497638.778648,-656921478.300163,-521306547.430119,-935399216.881412,416809200.65698,3.37364847715736,-0.796329843371296,18618000064.3914,-3.49995999070791,-9.37681253149155,54.1638639978693,2228856144.1836,4.27268784151005,2.95,2876097,0.490644071004976,0.332810050658082,1,0,0.403351259124942
"Sao Tome and Principe",0,0.03,3931551.10796219,27098307.1934451,29587228.2731871,16015121.4364427,-1955390.00521946,-103876363.776194,63425762.4398582,6.20768173180228,7.92896680183804,1997974295557113,38.1316794927863,-4.86099404669027,160.094653198739,2266,4.00399924815809,18466.4030495763,128500,0.525938206660809,0.352443239165011,0,0,0.334239253470372
"Suriname",0,0.05,-223771553.71,-59884331.954193,-446763.1201299,-838613621.011567,-150176708.713245,-415465314.80457,625144603.870791,1.84290923425642,3.2972200377867,11169874439.9519,62.6148656508084,62.6489860808817,98.4413167383971,10156828,4.4,3.3,927800,0.370365779242723,0.32917286829194,0,1,0.241643821336043
"Slovak Republic",0,0.23,350982089.088306,-362446778.78493,936979606.793844,-352884257.009774,552272767.657303,1243553790.58065,2620754377.66765,2.57085259277925,1.73986469169758,71466883348.335,25.2504349813531,21.9088503068845,180.039364362418,7706617343,3.5,1716.24883224851,6378095,0.554094018461976,0.53057218014923,0,1,0.151572913199847
"Slovenia",0,0.15,212711749.25492,1019291464.99628,219350400.753195,3165364126.311,124418252.069202,3086108606.20387,1016370503.96263,3.10628019333301,3.51945771333962,36051939560.9566,27.2682706752304,25.8763180445016,145.327900239519,1479152863,5,763.805069912631,2326386,0.484566691183987,0.34008858572348,0,0,0.273124081769508
"Sweden",1,0.91,-4113688747.37683,-9347482506.87451,-808261237.495459,17225026414.6279,485617113.171001,26465266351.8689,62579183852.2533,2.60432656462434,2.14729080242154,3738946003023.11,27.6656404629093,27.5007377126216,85.7506528078357,16555746623,5.6,6.860785,12312533,0.529023849290363,0.420106354640501,0,1,0.263751062309728
"Swaziland",0,0.04,516030.312345037,26584893.8907063,77950318.0960666,306914499.247344,-127750116.180608,145305251.831881,690755706.19984,2.74848260751214,6.23706201768938,38452847598.1574,10.8122483234402,23.3599365445113,102.685051444522,-11236015109.2344,4,10.8526555687831,916800,0.414053790065082,0.258297465529558,1,1,0.346579445664238
"Seychelles",0,0.03,-76845685.4976973,108307006.049257,39059962.8064213,-191931059.550131,41191553.0975297,-310277453.582264,465010247.078457,3.31698502839441,5.29513416204958,28484807798330.8,22.2186576959135,16.3273547885429,181.288346109303,638020,5,12.7470333333333,151336,0.477902394960893,0.403265061562642,0,0,0.253254520067929
"Syrian Arab Republic",0,0.09,0,20290967575.2528,-2060812643.85257,13983906229.7149,8966676222.40487,14856115708.2808,63355231888.7593,2.15484553327654,3.22113411784884,-145336300637685,23.3507786330561,27.6818130317864,129.452519474107,7734333267.35686,4.84803700515486,11.225,14039749,0.400770298824173,0.389885010853379,0,0,0.143539055124623
"Chad",0,0.06,0,-675545847.112244,-1015079880.71266,21459076056.7934,-13551738969.5764,22921622035.5926,1075904278.55046,6.89998504532167,6.52000726194683,5742162931295.49,25.4559137141824,31.437900319354,76.6265231668971,-5650433201.70591,1.8,494.414952864937,5251560,0.466118830585933,0.260998327628819,0,0,0.402025373897955
"Togo",0,0.06,358492818.578687,64061452.463094,318635909.142974,-144908420.719977,73300196.4094891,-457860059.49515,506958304.40665,5.87172631921244,7.99955236461451,1502278220402.89,4.72105644400258,1.80602122488247,107.418388392826,530152,3.53084315396999,494.414952864937,4516114,0.458991482619886,0.303772522836704,0,1,0.316849126538818
"Thailand",1,0.67,5741755221.8,4975455660.2,100340000,14993367206.3,-1209843526.58568,15099621861.6622,157162747543.287,0.817633101784082,2.13851436861134,9219241604273.69,30.6867666232569,27.8867310102607,131.956512501986,34992376969,4.5,32.4798333333333,97096000,0.492463693936452,0.432508761698736,0,0,0.211555513959802
"Tajikistan",1,0.06,-6819225740.35527,309306960,123985478,-383339865.796043,-85113057.3219384,-261174235.659103,512645378.02219,6.69925065988284,6.62277390441334,-121487350868528,11.0230815673683,26.3968171327288,53.903717558524,-7855237262.88676,2.1,4.93756666666667,7999100,0.436006205419878,0.20352009281474,2,2,0.489731261310799
"Turkmenistan",0,0.08,-1403414724.27183,4170086000,288183660.169788,-823604626.257159,983822786.556361,-2080885003.03462,2980072360.80332,10.2999999705459,10.791878344634,471747566127627,29.6873637183663,28.2171616135085,111.806649696878,-6073757706.92493,3.57897736227896,2677.49159217392,7206100,0.478124512416012,0.279413254102723,4,0,0.414672845382458
"Timor-Leste",0,0.03,12666666.6666667,33905491.522696,-3270599.0860505,1011123833.24397,-389607328.157418,1106158841.68059,311471103.17786,5.86113615870154,-22.7212627450849,1160719730.9417,-47.7483917083631,110.759727441804,101.429592566119,8043551454.47962,2.2,-10074.6475428535,1375749,0.530335708719413,0.495706238510801,0,0,0.169365505885162
"Tonga",0,0.03,11479502.0495243,56043795.3833,-1306338130.44476,-2672773116.12234,3484411840.56167,-11159509760.55,158784858.205562,2.06468458741756,0.637601652847179,76009461078802.2,4.98213658578612,10.8236958667703,74.9743066528972,24663,3.52217290495026,1.84677368453546,68000,0.371892509721448,0.260439512426034,0,0,0.331972672832728
"Trinidad and Tobago",0,0.12,1274635672.4634,2488800000,-1641514100.30949,13220618678.3622,6963020549.3498,9040466825.62502,11971240516.5882,-0.575925252656859,-1.38465437346125,90385877086.4547,27.0742983596004,36.9618463681044,80.3878098400133,9302994959.90881,4.2,6.40909457829793,1980566,0.416450844586319,0.292905295862542,0,1,0.350596356839647
"Tunisia",0,0.14,21794448.8949625,1024754443.57725,300351951.934263,-3907697291.88449,-131716841.682588,-4340583445.00567,7498011535.46661,2.86812367021876,3.37966675506585,10137735727064.4,12.811695703821,13.8906378775709,102.121485844387,706923421,3.9,1.697675,14283633,0.420783388431551,0.405746109292331,0,0,0.239224058750733
"Turkey",1,0.96,7.047e+09,1.2523e+10,-7e+07,-4.2062e+10,-484483477.920441,-4.3552e+10,127421926598.114,3.02011821310668,3.04253924735454,122805994420.262,15.7678184164856,14.9261617354497,60.0130499370702,2346682136,4.4,2.18854241775473,71888416,0.445244413964571,0.520080512544939,0,0,0.084470367370397
"Tuvalu",0,0.03,-29578632912.1516,630994.447248864,3996478699.09591,-12952577327.1228,8920639344.04522,-21586430347.4594,-169145383358.881,2.23586593546206,1.38542448159432,371981876264223,14.4857978649403,15.6608216574991,81.8368170634139,-13135096869.3352,3.94831922280816,1853.92079466013,3800,0.441365046006171,0.362640332075394,0,0,0.298387983116742
"Tanzania",0,0.11,0,2044550442.81909,535480739.826718,-4149741487.15203,-256599949.74232,-5017462591.68674,4390430958.69201,6.96513331674484,6.80440319476952,41194742277994.8,19.7565475534536,19.6708028063983,49.2025178022855,22713535,3.3,1654.00451119232,31862656,0.450039693108501,0.41308115506096,0,1,0.249851469195764
"Uganda",0,0.1,27018297.3519362,1058564540.34685,152996419.749108,-1632381517.94876,24272776.4880709,-2431329416.04694,3316364056.74889,5.1838289628917,5.07343035127236,50824869352400,17.0167005805942,19.16570821344,45.5397081214841,10556376,2.8,2599.78852141862,20365941,0.209214635410558,0.208886592194993,0,1,0.222486965329886
"Ukraine",0,0.43,5.48e+08,8.47e+08,4e+08,-3.663e+09,-13307894526.3733,-4.596e+09,7538804525.29179,-6.55261889108043,-6.02400257023874,1141133850142.24,9.89063686460836,9.87754887312802,100.691782483624,1921996739,3.3,11.8866594166667,61170229,0.33783027892437,0.30759857078732,0,0,0.188372755789119
"Uruguay",0,0.11,236648512.848617,2385090966.36033,1.2e+07,-2663118319.83042,1337471121.58768,-2579948890.7531,17554715109.2235,3.23879121621601,2.9223525379158,704099458126.478,19.200511408557,15.9047862021849,49.0876241012646,171097517,4.7,23.246025,5497094,0.34461628769572,0.399897699578502,0,1,0.181543165694362
"United States",0,16.53,3.43439e+11,2.07367e+11,-4.6e+07,-2.87378e+11,-3583471738.23292,-3.92066e+11,434416453479.958,2.37045767146387,2.33450610838655,16185597676791,17.0882906862565,19.2739041446486,30.2381581940842,155640595588,5.7,1,355500000,0.470202679017315,1,0,4,-1
"Uzbekistan",1,0.14,1472444250.52199,626195000,3947341529.37535,-12162830591.9183,291817569.449821,-25573597094.0128,-177375878095.306,8.10000000197515,7.61050260250022,2960883467300,20.288672259348,17.0793003192751,50.505752708502,-20009413768.0791,3.76875499749137,969.034433814221,21639200,0.397947236885952,0.260892202938225,2,1,0.325734575855935
"St. Vincent and the Grenadines",0,0.03,377407.407407407,109812222.222222,-1466779877.12582,5008654288.11362,-32025352011.0555,15537223606.8988,157371375.968024,1.15211620650193,-0.670063609600931,-20551592641954.8,-6.0525156502768,10.882750355469,82.1199282820094,23323585988.0341,3.46745598826692,2.7,115017,0.447623920402609,0.403914655880738,1,1,0.200891057150952
"Venezuela, RB",0,0.77,1.094e+09,3.9e+08,-477499318.460346,3.2e+07,-609103355.496684,3.598e+09,21454906878.6789,-3.89438647450662,-2.07190147223179,64355579619.1614,10.1070439918238,20.3873225831508,48.0908135255646,-19174440274.7667,2.6,6.2842,30528022,0.47858698759458,0.564975820896062,0,0,0.0810447707154449
"Vietnam",1,0.26,1.15e+09,9.2e+09,-285562574.19477,2803700000,8374929603.66529,9.359e+09,34189370165.8009,5.98365463697851,5.34853104823137,2792371539966750,30.1076858066928,30.5174477685319,169.534524370622,30863791585,3.7,21148,136148124,0.587213941665933,0.31993198026572,0,0,0.443989012962289
"Vanuatu",0,0.03,450411.145640561,13266163.5152466,31739670.678399,11879670.1411344,12282486.5748806,19453610.948304,183998614.771142,2.33100621490578,3.00909182180904,66060380620.8891,25.5950650368479,29.510814283986,97.9471362297589,781412665.045976,3.79202394057347,97.0716666666667,156051,0.569764901379948,0.403300307981225,0,0,0.31458339400853
"West Bank and Gaza",0,0,-29649064,159711665.338643,691016712.345528,-1074919515.50639,-20485580.3390476,-2149193899.45392,672378108.54,-1.09138909634908,0.941881065020993,26031996964.6906,-20.6171945572777,2.09450266862406,73.7770928138504,1101491,3.25116105311799,-294.346725098907,3197550,0.420115479185945,0.429951913652526,0,0,0.20949786835
"Samoa",0,0.03,4328891.93920772,22838887.6043212,39261940.5920665,-48628506.249938,-25120049.7294679,-48619012.1937578,140650300.35772,1.19614733672142,2.47415281236534,184587918426145,0.740910897612359,17.966542739327,80.6937945807395,365039,4.29726702450485,2.33176884618308,106524,0.498750306018022,0.407344736678622,0,0,0.258460378899879
"Yemen, Rep.",0,0.13,11590000,-233104668.580815,1815110537.36625,-1042690413.55423,-1296010666.17772,-1488253310.7538,116914507589.129,-0.188690232450909,-1.24917038940256,127771327419665,0.963087954433096,8.91587516639373,49.8365748424454,1219706,2.6,214.89,17100000,0.458455596434695,0.331265179254095,1,0,0.360418953364759
"South Africa",1,0.64,7692076889.07784,5791659020.09998,21761207.9484841,-13917745388.3082,1398386181.04315,-18632870503.6848,49121577905.7977,1.62887154261438,1.59015332878639,3007727592664.72,19.0259053713115,15.4583886702714,64.0869357896054,2488862532,4.9,10.8526555687831,79280731,0.491944099874227,0.392249591336483,2,0,0.310739065605348
"Congo, Dem. Rep.",0,0.24,-1843173235.91732,-343601083.419347,320542258.062646,-1414419726.95439,76079440.3850458,-1722614687.4218,1556984728.9922,8.96947948331517,8.87035820259212,8984230008352.48,14.3283057631028,11.2542017333977,80.0556719206428,807499735.763969,3.25683726266915,925.226282531997,37102958,0.396981293946952,0.355493002218829,1,1,0.227148844437024
"Zambia",0,0.22,-9.76e+08,1507800000,5.1e+07,-353913271.766737,300965763.596541,-387327907.89247,3078364086.01179,4.69582637269048,5.0383398907661,182999970071768,31.6241900001497,29.3754137792372,80.0635129674803,19026361,2.7,6.15281624812449,10114867,0.380979726135106,0.262562246813364,0,1,0.305970088495833
"Zimbabwe",0,0.17,7.2e+07,472800000,369400000,-1971493289.30395,-303671049.1545,-2254328167.14883,363833265.28051,3.84829030719978,3.60523032649165,12196773995.1698,-12.2011423258402,-6.01042300855727,79.5608826919233,11721077,3.6,2469.1645103343,11798652,0.455956900620511,0.259410990440886,2,0,0.371294349847189
