"CountryName","CountryCode","Time","foreign.invest.outflow","foreign.invest.inflow","capital.account","financial.account","reserve.related.item","current.account.balance","total.reserve","GDPgrowth","GNIgrowth","domestic.income","domestic.saving","gross.saving","trade","hightech.export","port.infrastructure","exchange.Rate"
"Afghanistan","AFG",2014,0,48756005.3,2097090837.72987,1055715950.70214,1074175109.71563,-3988825375.88047,7528550402.40523,1.31253090764642,-1.92092025144475,179197520200042,-21.3670158638063,-7.25189983112537,52.8735636084187,2885615304.94314,3.76876036965779,57.2475
"Albania","ALB",2014,75671601.8652243,1149384240.80512,115190264.971593,-1237634524.2848,67968518.5455238,-1702759964.1875,2665216202.71336,1.79999999809164,0.452487752032042,659394466823.843,5.59705170043981,11.6572553507563,75.455705589104,917486,3.7,105.47923411584
"Algeria","DZA",2014,-18438627.0996402,1503453102.19186,-3120500.63486738,-9676794652.77223,-5941035648.27591,-9506888926.87471,186350597819.058,3.7999999999999,3.51902673254749,395276736619.055,44.1549307951675,43.4671089331648,62.5105145092884,3308544,2.8,80.5790166666667
"American Samoa","ASM",2014,NA,NA,NA,NA,NA,NA,NA,NA,NA,NA,NA,NA,NA,NA,NA,NA
"Andorra","ADO",2014,5431309166.20119,-6524747608.46362,989106638.687351,8026617710.38836,-10221363119.927,6635765975.87932,-43551809997.9229,3.83707414898831,4.22070057163917,134426394104432,25.9090141689962,29.5143477076694,88.7498012337149,16200929,3.67396650228263,1842.86424170653
"Angola","AGO",2014,4253084047.88522,1921699719.14449,1642995.67,-3433642519.13319,-3430312456.50511,-3747517596.21103,28130311504.4249,4.80447270408375,7.44538413406613,-149542801822366,21.1275917913871,9.35794060528306,90.2102239595984,-5933314457.66905,2.7,98.3024168556335
"Antigua and Barbuda","ATG",2014,6059259.25925926,154773333.333333,2245561879.821,-16152863185.365,13169041025.2264,-25710214585.958,297046138.248293,4.60279348115135,4.09809329501402,2919943208.72818,11.2265136281989,17.8695227982367,109.202255681793,0,4.12316529761143,2.7
"Argentina","ARG",2014,1920541433.10505,5065335541.96486,58864868.1337351,-8216336044.71924,-849825136.203778,-8030722106.5367,31410823483.4143,-2.55847744625616,-2.43361217802811,738186133909.875,18.9582378276159,17.0360138349145,28.2283004904424,1473214194,3.7,8.07527599281334
"Armenia","ARM",2014,16036515.9694977,404344951.14452,70426938.3146126,-845472220.093863,-545075589.705146,-883114618.912824,1489443392.39267,3.60000000000002,2.21060235501172,1931030476490.62,2.39045833801634,13.4610365793445,75.6116848388122,8317916,2.5,415.919789204938
"Aruba","ABW",2014,8603351.95530726,246759776.536313,896056367.627536,-172234636.871508,9217877.094972,-136703910.614525,680351000,3.020433896907,1.36174898890064,-270935289955778,26.0619280504219,24.5631078166421,112.369543617147,1663353,4.64446941651995,1.79
"Australia","AUS",2014,5664678725.47967,45978797620.4125,-359658321.95824,-41330997629.6376,3644459039.12326,-43202182394.3047,53910346084.4978,2.4998512224341,2.3604240010969,1.584578e+12,26.7314073526201,23.9389551230387,42.3016727482017,4691411621,5,1.10936329281692
"Austria","AUT",2014,-874310179.93576,1715068690.83548,-464279817.646279,3372927797.15024,2890324647.70724,10150716547.3272,25001505276.7679,0.644844831726999,0.593343180827304,305053798840.694,26.95576446291,26.1630853509785,102.732330239067,19269819029,4.4,1227.35614718252
"Azerbaijan","AZE",2014,1987073000,4430466000,-6917000,7391603000,213520807.081524,10208803000,15816417366.0159,2,4.90891508333731,28308310417.0708,42.8254360115162,39.3303460117197,69.5092051585512,32605511,4.3,0.7843475
"Bahamas, The","BHS",2014,397479000,251277428.82,-1314834762.82301,-1463334166.29999,51514746.8812508,-1928317811.35429,874337365.33223,-0.524452896217284,-1.72363345204522,7281623000.64052,12.4181483305927,7.33446456247028,103.791651547173,0,5.41991737212533,1
"Bahrain","BHR",2014,-79521276.5957447,957712765.957447,1e+08,-3151595744.68085,556484442.316848,1123670212.76596,6229407001.85407,4.35048360348598,0.111761265221659,10774330152.2436,43.9442144119142,19.8983573075201,116.88352034208,46729049,5.7,0.376
"Bangladesh","BGD",2014,41769923.686296,2539190939.68371,496603398.348163,161548677.08588,4571033502.70581,755790761.660141,22319791707.9921,6.06109305375394,4.75914341099242,7532089322721.47,22.0431155047681,37.7324657582395,44.5140801968096,2688807979.76742,3.7,77.6414083333333
"Barbados","BRB",2014,-22264031.310932,485583034.787356,1703796089.30754,-865220401.880752,-12620175021.3943,4371433032.32994,632258990.00205,0.198484301696141,0.0842147996506668,961034158.103426,1.0361303207552,2.05436291724458,85.6461647285883,24928712,5.3,2
"Belarus","BLR",2014,73400000,1.862e+09,7700000,-5670700000,-2145867127.69311,-5227699999.99999,5067717213.84858,1.72308600279749,2.41172420440689,27887287865507.9,34.7669891595457,28.6058848285112,114.590306295622,660475200,4.69132306828659,1.02241025
"Belgium","BEL",2014,-11894892128.9835,-19303845018.1129,-1380468586.46092,-4461515545.6897,-1355923225.47746,-3607284364.67205,25444420303.4322,1.6531350757175,1.72774500636838,375290989442.89,24.0451660694108,23.8999490689204,165.487681924366,43698592018,6.4,-771.342036769063
"Belize","BLZ",2014,2734613.811,141097030.34391,34230153.21,-82230741.4018921,84873141.5275745,-135861423.197634,486876895.2176,4.08349492414737,3.26217093464824,2628713455.27878,15.4480318125354,11.7320255607299,138.073796103846,0,3.83694394499112,2
"Benin","BEN",2014,17255303.3652495,405197656.01573,253239772.127611,-617043311.963382,105960614.917058,-884914660.175173,726019873.91355,6.35752095280107,6.49411034276284,4019754532245.97,16.1954370246901,18.5887139042234,76.5308886342327,3979179,4.09638415597276,494.414952864937
"Bermuda","BMU",2014,119718304.887623,-3425440.52413015,-3692710529.82366,880297955.683236,-9396520,827153244.057099,-21183078652.1574,2.07695567535903,-0.119102089696502,-291046336592155,8.50952640621124,18.1314812399717,75.7537384865694,2491211,3.30459027028992,226.932350453318
"Bhutan","BTN",2014,-8258925430.47596,8361993.41265386,276308512.811065,-157887077.71229,70520032.1503624,-483645523.206761,1245086703.69609,5.74545516756977,5.72083586052403,55628923966.0282,30.6535905067347,28.71420209516,93.6226199498435,-11500834197.8523,2.1,61.0295144607843
"Bolivia","BOL",2014,0,72595676.521648,2748272800.71695,1895298036.97015,971671624.993582,-16356619.9794998,15129278397.2712,5.45898615116793,7.03438532714773,42296118458.4518,22.3557481447694,20.7721358653188,85.2642936088841,33144149,2,6.91
"Bosnia and Herzegovina","BIH",2014,8339380.54821991,523013851.017251,299131402.465438,-961090950.036413,376988578.633637,-1369090403.39399,4860208944.67435,1.08187567036184,0.525367697841943,26068568287.0796,-4.6125089404223,10.6522408865218,90.8028384771823,91727882,3.77803627273727,1.474169186794
"Botswana","BWA",2014,111367029.138173,515184471.01724,-1554951847.43806,967132760.509501,1260084997.5194,2481329752.4159,8322776785.14574,3.20494016684154,3.48805668986122,93346495817.6308,37.6775060582078,46.3478292097464,117.513594323331,16518448,3,8.97608333333334
"Brazil","BRA",2014,26039686230.16,96894980842.28,231478557.4,-100598529768.205,10832925298.3761,-104181322040.975,363570247226.591,0.103371359100009,2.80323539777383,1947850539847.57,18.1307331585583,16.2333139616432,25.1074585348785,8228775226,2.7,2.35295196276669
"British Virgin Islands","VGB",2014,81191600000,49985700000,-100328080.159798,4601215351.53815,941985874.820605,-11745395155.9561,123603962624.461,2.87244266864781,2.77040242914147,254077594306104,36.7887293425781,29.2512745003444,83.912511857932,42883949676.037,5.16220107249051,1403.81662614438
"Brunei Darussalam","BRN",2014,381819000,567889727.238288,42560859.8275604,4308779896.13281,246122420.750102,5250593999.71505,3648819902.2697,-2.349746749517,-1.30589116180276,21886018524.0964,65.4159944687716,62.0088235001309,99.2256280248905,55449872,4.68904812572699,1.2670401230814
"Bulgaria","BGR",2014,882360000,2067540000,1251090000,-369530000,2338106387.94764,100350000,20129701290.2676,1.32884972234031,2.7133206929423,78925248352.5677,20.4925647512856,23.4687431418708,130.967908582605,1079617724,4.2,1.47418333333333
"Burkina Faso","BFA",2014,69453805.5554736,356821732.388408,404900779.881322,-600404575.710906,-282552057.643409,-997625571.681976,297099531.053204,4.03033688754959,2.45882824091828,4635690829754.38,17.0484452235499,18.0143770271876,66.0565466009737,13333668,3.1,494.414952864937
"Burundi","BDI",2014,27413.4386193281,81747197.2345183,81823036.7710761,-373123149.269621,6959469.78735873,-393212867.937052,317139664.96812,4.66091818447367,4.7232699789449,1797195792317.65,2.0419382062192,12.7751423881375,41.3070022873188,345775,2.8,1546.68666666667
"Cabo Verde","CPV",2014,12930689.1424214,135815356.784017,8065552.79644486,-131094034.477348,90707151.1519771,-168466304.710818,510930784.893481,1.86480806888412,2.16635880471457,-49029569868290.2,9.24794042475448,22.9743551569798,83.9867482707428,331,3.9,83.1138883378279
"Cambodia","KHM",2014,31920287.281127,1730355930.06587,277622801.4,-1410596719.56139,754387238.638842,-1656718570.70956,6108206450.73458,7.07152535164744,7.0336116355022,43470420553649.4,17.609921242359,15.4687562871226,129.031222993455,30874012,3.6,4037.5
"Cameroon","CMR",2014,-106078000,553939000,1179692288.66784,-10197552347.7035,-7176055101.99803,-8367836836.82408,3168216936.52009,5.92696495921939,7.22778171692826,11328301108830,11.3206181465134,15.1595301006483,52.886418086626,26702495,3.6,494.414952864937
"Canada","CAN",2014,62203420725.025,65440742032.1611,361147032.68824,-39037783384.6029,5244999139.24262,-40562331761.2182,74700002863.9467,2.47289263838321,2.34295445040154,1829353023460.37,23.294575941832,21.6707870320336,64.2562275632107,31535108526,5.5,1.10610494395711
"Cayman Islands","CYM",2014,8737575000,23731315000,1402961616.44749,12755590249.841,-1295378872.10704,4328432673.5094,98158289998.7546,4.80453063329264,5.23537747768229,-217549076861666,18.2654488783159,25.6369970195726,118.195882559435,18371810856.6495,4.2518847317902,841.347866637221
"Central African Republic","CAF",2014,0,3475007.99095347,675199069.591226,-15111863256.2099,5682964594.06806,-28581829755.0089,259571703.84619,1.04001804711078,-0.343536781149131,-202367953452106,-14.3327054984522,4.11313492152336,50.5926182667035,-9518002008.87945,2.69185098542155,494.414952864937
"Chad","TCD",2014,0,-675545847.112244,289090941.644393,-5568406842.32386,-4343755317.70277,2626380632.86743,1075904278.55046,6.89998504532167,6.52000726194683,5742162931295.49,25.4559137141824,35.3168875673126,76.6265231668971,-28340365112.443,1.8,494.414952864937
"Channel Islands","CHI",2014,NA,NA,NA,NA,NA,NA,NA,NA,NA,NA,NA,NA,NA,NA,NA,NA
"Chile","CHL",2014,12914542551.5463,22342201009.3271,10235478.78,-3843698283.28729,1056822985.93818,-3316375844.38309,40447384439.2193,1.87639539712494,2.81237868556505,121105214248881,23.0505045570621,20.8047048739931,65.9439000155231,658843080,5,570.34821612744
"China","CHN",2014,123129554305.76,268097181064.335,-32747983.92,169141157551.48,117783550754.474,277433901970.647,3900039358441.22,7.29766595938162,8.30573504374877,2777279548563036,49.5158300616174,49.6565097673628,45.6519243452375,558605991980,4.6,6.14343409448867
"Colombia","COL",2014,3898950996.12,16324501690.4339,563938798.654231,-19598714706.1273,4435551310.07518,-19459274656.5459,46809448377.1666,4.38571090109774,4.88712508502856,541450472537188,20.8675574846932,18.7115089350787,37.3157440337106,724222055,3.7,2001.781048176
"Comoros","COM",2014,0,4678330.4361,1451307404.76284,-8129272002.80786,-11631011705.3203,-8012834166.58574,171159562.37072,2.06163946899514,2.24396006979572,101563258129.135,-16.0658266110489,-1.34350545331116,77.1735467813762,7362951396.24125,4.1924579712584,370.811403081387
"Congo, Dem. Rep.","ZAR",2014,-1843173235.91732,-343601083.419347,320542258.062646,-1414419726.95439,76079440.3850458,-1722614687.4218,1556984728.9922,8.96947948331517,8.87035820259212,8984230008352.48,14.3283057631028,11.2542017333977,80.0556719206428,13167935218.8845,3.79498271574012,925.226282531997
"Congo, Rep.","COG",2014,6253000,5502260246.9585,1076537073.69876,-11236139244.4085,13398429007.751,-14983846729.5213,4926098410.13882,6.77994095325852,19.1972128317247,2163677761071.56,44.0341216165728,24.4704773993367,143.23939663192,47798389,4.49000563097318,494.414952864937
"Costa Rica","CRI",2014,398374657.046146,2951515624.15192,-28241373.680488,-2824445460.88048,-113205658.559785,-2432298366.59546,7211432698.28076,2.97525403263322,2.49455669948833,24681417468092.1,11.9756059728522,14.0393780315902,67.1617463976511,-12682287837.9308,3,538.317200279058
"Cote d'Ivoire","CIV",2014,16197324.1103122,438772529.1506,-772892017.549508,-8156466908.8426,-16283731764.987,1497269835.22005,4478497714.77663,8.48634556824589,9.77514489404855,15212415794246.5,23.9744482358643,24.2929198178044,77.6429995916437,72379188,5.1,494.414952864937
"Croatia","HRV",2014,2216664355.13455,3959857736.72732,101973776.478726,-178812519.271189,-764522186.626067,448060736.081718,15423622233.3927,-0.360434269363935,-0.356669373589526,315562044752.807,20.2332334828461,20.2840655340446,90.5123346086578,731324425,4.6,5.74816541666667
"Cuba","CUB",2014,NA,NA,NA,NA,NA,NA,NA,NA,NA,NA,NA,NA,NA,NA,NA,NA
"Curacao","CUW",2014,43843575.4189944,69296089.3854748,8379888.26815642,-330289944.134078,186810055.865922,-375994413.407821,1915433546.93584,2.91330766679377,1.62831285557576,-142707797914207,21.311711247442,20.106223784548,118.848376117095,-2133355871.66615,4.06145879364528,1.79
"Cyprus","CYP",2014,-2392892755.69188,-754354504.948983,195476131.174634,-1720466459.5717,-224971366.303275,-1008207208.18084,893891173.35885,-1.53145163363409,-0.501930461876228,15333700876.4872,14.3743524938238,7.9528950997461,122.331705317805,29195221,4.9,1182.46311881736
"Czech Republic","CZE",2014,4074227998.42192,8088661929.8803,1571559326.32321,3118083182.22395,3540103740.9857,437938637.643506,54495073761.5879,2.71511613157801,1.76606394297691,4107060599895.2,32.2448084502974,25.3171881450295,158.726956742669,23084215820,4,20.7575
"Denmark","DNK",2014,8401906674.09501,-677385204.194261,-55743732.8535471,28551568449.3991,-7998667764.8485,21421473416.7637,75391898442.9736,1.26190583842356,1.54571781825197,1842057826073.48,25.9635619360604,27.5314922003581,100.70169423819,9762544928,5.8,5.61246666666667
"Djibouti","DJI",2014,-5945963002.63423,152998238.8125,64764494.8772655,-354724872.810823,-29629280.2637459,-394540126.134153,393148433.768386,6.00019432397339,4.09155236023867,51389689121512,5.68407731871478,20.5957655459461,62.2936011666684,-6401893766.28384,3.67132764693682,177.720833333333
"Dominica","DMA",2014,2042592.59259259,35410370.3704,-1300093109.99756,-20593241576.2447,-2616117650.07626,-23345379618.1743,101447742.927629,4.18696309141492,5.5705444600981,-139174882136606,3.24249123034607,21.8421972464711,93.7642597816045,1069707187.86594,3.2310100924166,2.7
"Dominican Republic","DOM",2014,176800000,2385300000,2200000,-3278163206.40867,650681633.255942,-2140555000,4861785595.87246,7.6089648355893,7.41387218071507,1932506711565.44,18.776168266702,20.3767024950848,56.3313119879206,193265639,4.6,43.5559626980453
"Ecuador","ECU",2014,76552000,772935946.091118,86786649.2521143,-711772569.829258,-474126806.899287,-573963115.130203,3941357328.43794,3.992708508769,3.90096483177602,71750770385.785,26.6812171321662,27.3738664939811,57.4888950542299,74240721,4.22289981174416,-199.850878951188
"Egypt, Arab Rep.","EGY",2014,252700000,4783200000,192500000,-4112200000,-3259471704.72191,-5972100000,14927002166.4156,2.22879101389299,2.41453265620505,1731144513457.56,5.28093629573243,12.0342597554593,37.413768495171,176345548,4.2,7.07760856060606
"El Salvador","SLV",2014,198185138.05,509251538.57993,63578880.33,-734991474.877047,-32778946.055363,-1311932935.71616,2693300047.06251,1.42526204252933,1.19470813315492,9222108574.53396,-4.20129159981161,8.41252765756328,69.5707705694055,189329660,4.7,8.75
"Equatorial Guinea","GNQ",2014,0,319569592.34651,2559496276.65345,-2914923250.54156,-9039386490.28288,3436411893.84872,2906843520.49923,-0.677282946263475,0.444538291173188,7221149875467.78,57.431246905415,36.2677206878427,105.714268852987,-6488486658.91968,5.14409769800073,494.414952864937
"Eritrea","ERI",2014,3570384328.23706,46510785.84,1547245293.80535,-9091459111.72444,-15751629505.515,-11571225904.4426,-121634772123.488,0.790527240202465,2.7679063870819,28104839250565,12.8545257457893,11.9411798489974,99.1348626283382,95213970.2295391,4.48869167095694,15.375
"Estonia","EST",2014,834743079.205288,1681871383.10453,283547560.25144,317326679.966284,164200811.982412,225481485.184652,436833333.684,2.82292271752804,2.51028598314038,17605423297.1199,30.6295851100173,29.2327377878628,162.59420748295,1328425394,5.6,1058.31789393961
"Ethiopia","ETH",2014,1100607236.14042,2.132e+09,2539237359.1095,6832534162.28761,-44296188.1372561,2224985675.8204,22743534598.2527,10.2791870240632,10.213678977177,702505226512.591,20.5358809767865,6.01831740875039,40.7410841536333,23602365,2.6,3183.04512155444
"Faroe Islands","FRO",2014,NA,NA,NA,NA,NA,NA,NA,NA,NA,NA,NA,NA,NA,NA,NA,NA
"Fiji","FJI",2014,38349999.9957284,347993346.472806,4324850.11273505,-516948188.550336,22213414.5765811,-338987159.737123,916407427.304208,5.4464695320049,5.44670866895085,108360203582222,9.78559106559615,11.6821691806239,119.2324780316,3246115,3.32723681188182,1.88734972339858
"Finland","FIN",2014,-166302878.924341,17276980178.6346,247171696.259959,-13120348454.3217,-284044596.690679,-3205025294.81171,10679258852.7593,-0.708430320817726,-0.146228048497861,185952667011.323,20.0254182816852,19.7174218147109,76.2967219181551,3961279492,6.4,-1386.58763355932
"France","FRA",2014,46788374028.2232,-1048274593.7172,2861103475.65164,-11761055555.5268,1110976838.98347,-31473163118.6491,143977170862.924,0.636621653309263,0.570512984024774,2065595821104.17,20.5238032041661,19.6316539381509,59.8814746416295,114697237252,5.2,833.262070791174
"French Polynesia","PYF",2014,30609350.2128437,45314778.9450253,-893871.950078279,271126166.712966,8957357358.8446,207682371.612719,111439236072.39,3.04612026451553,0.70753208240374,-45373529042555.5,9.24815489752396,24.7097850870283,91.3179962839512,19732265,4.09196254529183,-1525.50470672515
"Gabon","GAB",2014,-35779000,1011296178.31174,1917722888.44826,-1660278886.8034,-1664157624.33095,-1915052717.25343,2478481052.48833,4.31487712529,12.9324044128091,7409677808843.44,50.6604114667076,35.8720928777392,73.5204674597978,-13628046955.4293,3.1,494.414952864937
"Gambia, The","GMB",2014,16791747.5379196,28404020.7988882,-1300647773.68116,118775832.64902,-9833716548.16759,-5182314165.63096,159330942.765352,0.877460638350016,-0.345937333952349,24014110433.2303,9.00456111068398,18.8382162042965,64.4183406770227,0,4.2,41.7329616505126
"Georgia","GEO",2014,406550711.2,1749816566.67,107938060.34,-1721566936.23,-98036732.3976229,-1750645357.67,2699169996.3529,4.62333190661251,5.67120659942762,10649228692.5629,12.2803619026352,20.0464886517407,103.41376559021,25939625,4.2,1.76566666666667
"Germany","DEU",2014,115033368516.468,9444773927.54354,1771452603.71808,323910329454.027,-3295286463.32398,281300504778.904,193484844885.189,1.59533809824777,1.43544263703659,2737239823129.94,26.2836661616386,27.1154328854752,84.7810652101794,199718151684,5.7,4884.11681787207
"Ghana","GHA",2014,6400000,3363389444.44444,394949528.176548,-3809681580.602,-85220943.7874672,-3694575338.27762,61649145670.5556,3.98586562415207,2.35047645561907,33521873843.4917,17.7350832525617,18.48881118316,88.4514117678381,180110918.98047,3.7,163.717676262527
"Gibraltar","GIB",2014,4951129292.50916,-1106400000,2482304292.32913,60596968.8087151,7821907334.82603,6987088909.79654,126616950929.157,3.94552492518917,3.18414818262087,572213983127869,5.30190107954884,13.827349327823,50.514224389127,29187736396.7148,3.98679094545548,867.881951685259
"Greece","GRC",2014,3015335276.06774,2696796378.89563,3354634133.21958,2174132309.14388,5472457673.98333,-3735734253.24938,6236288773.2901,0.352849232575196,0.46967975178643,185409186041.892,9.39214144699116,8.9670026916218,67.4429214594709,1209944931,4.7,-753.981865715725
"Greenland","GRL",2014,12932128591.035,17488771246.7151,-457560313.647153,-11314287479.8882,3239748937.6464,-12282530682.2093,81782956915.4964,3.00670034197593,1.51121761275577,88622747514535.4,8.94571728342743,31.9243386236501,84.5529090272952,199043,2.54334736909814,35.9143002924267
"Grenada","GRD",2014,533333.333333333,38242222.2222222,-176031931.861144,5693923267.07394,2223399957.08869,12478597104.4677,169949449.853043,7.3567702653405,6.47200357269367,76758664912665.8,2.70856968711906,15.3628459209872,71.5577976432344,3739091702.12072,3.78404998017974,2.7
"Guam","GUM",2014,NA,NA,NA,NA,NA,NA,NA,NA,NA,NA,NA,NA,NA,NA,NA,NA
"Guatemala","GTM",2014,-116701352.426812,1165765000,1216141710.38967,-1724422452.42681,72502938.6037839,-1229741257.90571,7330866971.67438,4.17416913658175,3.72729493024254,228786632970.64,3.30495641142696,11.6360233858385,56.717915109745,211783122,4,7.73223333333333
"Guinea","GIN",2014,853000,6.8e+07,-2070273055.79034,4719896284.51586,-1009881515.40846,3937751032.25271,301600722.77968,0.39999860108793,0.0985037188713846,9475146023758.45,-11.3364405320477,-13.9390763881286,80.6214928328527,3445207,2.9,7014.11877725
"Guinea-Bissau","GNB",2014,2747347.87577238,28852724.9375525,3485635207.69217,6103978615.68254,9740398253.95672,977219992.951603,286950989.088721,2.54107510152161,3.68639897771567,394181735373.184,-1.61131300149633,8.29415869151369,50.0190732533685,-2687185251.80186,3.62560096300572,494.414952864937
"Guyana","GUY",2014,0,237750048.55,52909710,-314457859.09,22341335.7062612,-385182803.31344,667925096.67203,3.84091528536199,4.08771507063796,267980945652323,-7.6716378439132,6.19610052189792,132.733738205654,105393,3.5,206.449166666667
"Haiti","HTI",2014,0,9.9e+07,31209793.51,-701598400.15658,-1046046646.7413,-801787901.4165,2034930204.96247,2.79683025903977,2.42664103846455,16194443636.7756,-4.11557039623772,22.0880452261924,72.9317002918573,6875061227.36528,2.5,45.2159808923792
"Honduras","HND",2014,174084222.602608,1294065691.43779,47502643.365,-1192594647.56421,455966905.618092,-1444242849.8583,3458314094.10734,3.08521496129973,3.22940456909642,163221143683.06,3.18904464887111,14.7970040538045,112.609234550673,41817226,4.1,1656.0825051849
"Hong Kong SAR, China","HKG",2014,140892065503.707,129847455921.475,-96460407.8191774,9423020011.24771,17939059399.5795,3787613887.02117,328516956006.794,2.6819350200729,2.98045820718458,2.258215e+12,23.9569748673178,25.2775684835453,438.761233983478,467221867,6.5,7.75408333333333
"Hungary","HUN",2014,9050481596.99666,12596679634.7769,5125541658.93909,5923172675.73531,1199163717.59629,2765253592.89426,42019881732.4703,4.04732118010025,2.4052190985152,28556950671624.3,29.7966540152841,23.9861926248315,170.368752636562,12889370773,3.8,232.601666666667
"Iceland","ISL",2014,21337987.7855653,766784288.746336,-13601380.6535087,584655232.533444,3588356048.29288,672699372.319884,4177067662.19601,1.82666045354701,1.4201536117819,1721606623613.7,23.051285402612,22.3492519070602,100.992127725888,118378747,5.9,116.767352506899
"India","IND",2014,11686480933.1168,34576643694.1383,-74333637.3468819,-29990268879.2343,37583451673.1386,-27314281992.5894,325081060905.901,7.24347174583309,7.31222652562732,104015297592974,31.1135827412639,33.1448574087927,48.7995599465149,17315676298,4,61.0295144607843
"Indonesia","IDN",2014,10387533776.9083,25120732059.5134,26573826.6663247,-29667521861.8294,15248334582.6205,-27509865798.2326,111862604046.204,5.02388905198994,4.62007542131981,8444236431247390,33.7789609175345,31.0307920729074,48.057271153145,4980582046,4,11865.2112962963
"Iran, Islamic Rep.","IRN",2014,89335000,2105494000,-3727828973.1827,64829514536.1808,-35208621520.643,59591503847.682,-330755607159.719,4.34334340221696,4.31047472217494,1993710098340120,38.6652178885966,-56.3831073651834,43.0630037197066,-6147831797.76827,4,25941.6641445972
"Iraq","IRQ",2014,241500000,4781800000,514572726.452936,3686783074.25722,3362181211.26086,3755379888.53348,66368652505.6425,0.0601088720166558,3.2361424737976,255031425127452,52.1665916760405,34.5041256344275,63.310911136108,8543942113.77544,4.02557434722493,1166
"Ireland","IRL",2014,98451299942.1891,86765614578.4911,179765205.177046,8780262845.79137,11309330090.102,8914347220.14628,1749394869.51586,8.46236674549191,10.7154548534008,183334565998.559,39.8671578070663,23.3043552965606,209.656684636967,21260562125,5.3,1670.8891845568
"Isle of Man","IMY",2014,22684082767.3767,6113177092.18318,-2832203632.24765,-16831532056.0781,-18038463305.7847,-25708767173.2196,-135304684930.138,5.031141620253,3.97669076189568,-115572397917275,24.4492923108697,28.2102457939123,89.927601033882,-16450680291.6452,4.33512981015911,670.574362069978
"Israel","ISR",2014,3667200000,6.738e+09,355400000,15967900000,7158696492.21542,11817200000,86101262662.7898,3.16304703399375,4.0474772576044,1023416527049.77,21.9599799410905,23.9810028160319,62.6032590296774,10241482000,3.8,3.577925
"Italy","ITA",2014,20408855814.3372,17028003371.6525,4224756950.22833,56694000932.3496,-1212819737.24714,39535564308.6336,142756539021.191,0.0918949980592174,0.244649779652491,1541964491389.24,19.7649681940234,18.1690050220298,55.8071969346659,30744972831,4.5,-157.953854683046
"Jamaica","JAM",2014,-2145102.92293591,582148741.614112,9088165.55165912,-1301172382.43574,800342727.556075,-1114294109.20479,2473011829.08431,0.694621084436164,0.445505118679264,801358082516.479,0.240835067869032,14.2653855882073,84.7511122325145,3341254,4.9,110.934529155866
"Japan","JPN",2014,136254831101.28,18409187112.4615,-1993455509.87791,58371595263.6588,8477274511.90811,36024923433.5749,1260680415997.38,-0.0314292658077306,0.295613598532228,485928835315775,18.7084290674721,22.3394050176948,38.5966983941308,100954836424,5.3,105.944781034025
"Jordan","JOR",2014,83380281.6901408,2009304225.35211,4366197.18309859,-1275817746.47887,1986059829.05033,-2607929577.46479,16047206792.6976,3.09633027522935,2.96430193889088,10052320990.9296,1.56519068251016,20.690785546988,113.07138171667,80053130,4.1,0.71
"Kazakhstan","KAZ",2014,2323588988.07728,7090689354.25121,29342050.101,-3015219493.7945,4254881206.53571,5957392729.32636,29250312400.2281,4.20000000000003,4.56881501583975,15732854786538.7,39.5017287715213,28.6761750791166,64.9720346513507,3321231321,2.7,179.191666666667
"Kenya","KEN",2014,-78485329.5352562,944327305.005736,23930257.2735964,-5398333619.30479,1377948299.0626,-6339432924.00088,7911257728.63026,5.33185940382775,5.23103158641831,3733509961414.25,5.21837636763109,10.7096016076457,51.1249124679049,-16392628165.4624,4.3,87.9221638089727
"Kiribati","KIR",2014,7870611.7592613,8270650.22182644,31888067.1883451,98489513.2482167,1715015.18407027,44743513.1468112,-36877734131.4554,2.40868769930047,2.84996561907047,732172699593391,18.4560517448394,25.1924742870532,103.670768767195,-2188830908.66114,3.62179852329913,1.10936329281692
"Korea, Dem. Peopleâ€™s Rep.","PRK",2014,0,63271000,-937900829.822427,36802515536.8047,-3035830054.25519,39003829070.8091,140039522624.712,5.87385593487731,5.47957959593522,299061156382309,15.1472056032016,24.5371217978374,93.2141421377367,26638028260.7661,4.08892107123786,11.0368834499709
"Korea, Rep.","KOR",2014,28039200000,9273600000,-8900000,8.9334e+10,17885800000,8.4373e+10,362834710646.116,3.34144751931207,2.9402724079084,1411610803920810,34.5307548527188,34.4927963332939,95.297215969565,133447400828,5.3,1052.96083333333
"Kosovo","KSV",2014,35491905.3580765,199793790.641064,26978558.2392167,-187798693.894087,-57995974.2489246,-564365792.181783,906309259.765222,1.2185338565946,1.00165953552872,4669417280.22173,-5.20661157024793,18.0394402413442,70.1347466762487,-5184266663.22143,3.83120695221248,-952.518717044924
"Kuwait","KWT",2014,13108021313.0158,485806657.75508,3990973314.75931,58277550649.4908,1252631452.43182,53965916437.5612,35175366197.0242,0.500109942369747,1.18149522697206,41090477319.4464,53.265636815383,49.6231342612164,100.036728961867,5333902,3.9,0.284567141666667
"Kyrgyz Republic","KGZ",2014,117518200,352896700,65765923.7836138,-791568464.375696,-251131786.151067,-1300932081.32364,1957489557.65069,4.02403862892811,4.77055464983738,37186153853.4317,-13.4721508183302,12.6139066456907,125.126181075833,-10411573256.0354,1.3,53.654058312852
"Lao PDR","LAO",2014,1931000,913243369.807065,-1516416835.57045,-1565904490.88235,159630045.260717,-1178332211.03819,1218805730.88974,7.51652413963899,9.251753300426,1557268713425177,14.0197154545669,11.4905495040851,96.6173299262447,11215263183.0539,2.6,8048.96033333333
"Latvia","LVA",2014,590351028.532788,1083404284.49443,1004810579.27757,881800267.109509,-154642996.734523,-624050807.642828,3228079426.23591,2.09946988072831,2.142475917239,20752590708.1805,21.2041944806482,20.9684571556795,121.07484360837,1119714939,5.2,-106.781475246097
"Lebanon","LBN",2014,1213034580.57802,2906102525.89648,1392143534.12209,-10623974346.7087,3307871828.53136,-11667096926.2222,50668864745.8878,1.79999999999336,1.02527136502772,69642415964166.8,19.3136845072629,22.990528655451,126.854455143213,38146559,4.1,1507.5
"Lesotho","LSO",2014,-31360000,94459059.3645602,32643947.0929341,-145202945.137539,124501924.583461,-190790058.086964,1070831312.34636,4.54177889962357,2.9386624251537,42436905793299,5.95004520055947,22.5075082016553,77.8491195051839,8096902895.78984,2.7,10.8526555687831
"Liberia","LBR",2014,-9877862538.64714,720075739.181952,117938222.256787,-912855845.784245,-53231168.8278557,-1611433992.35128,499007526.325419,0.701141635823376,1.10890466978898,670245338.40921,-50.4521510183805,-3.20073127452955,119.920516641828,-3135637837.84954,2.37213345941091,83.8925
"Libya","LBY",2014,7.8e+07,5e+07,-634147351.749174,-23876079991.1822,-7450799960.44457,-19141212583.1603,93615460032.9457,6.80624048648589,8.62142362108119,112359979346887,20.6368137377368,37.4666164641358,96.3454393106544,1099934902.93935,2.6,1.27240206718888
"Liechtenstein","LIE",2014,NA,NA,NA,NA,NA,NA,NA,NA,NA,NA,NA,NA,NA,NA,NA,NA
"Lithuania","LTU",2014,487380757.353867,504472635.102487,1286873084.67284,578040556.922964,1615036419.59093,1701448076.85214,8729461246.6618,3.03246998460926,4.47968313691327,32668607824.8465,20.2540514194865,22.1419166313603,160.512860831392,1900957548,4.9,2.60029166666667
"Luxembourg","LUX",2014,23436743347.4277,12073272825.451,-1411268959.81624,1894847570.45924,-129946863.73229,3328540820.91059,863657874.00651,4.06929338108021,5.06889013798872,44477271264.8314,51.7177769824633,19.1217505868167,374.147758065341,648727115,5,3349.42223719388
"Macao SAR, China","MAC",2014,1364799138.4639,2312342690.60259,-1638105.50699757,12722782945.4726,77259448.6354233,19077260433.406,16444386287.6882,-0.852103999763031,1.20120638329135,430037055399.974,73.0448237831075,54.2296763244219,115.974850028536,38253,5.54209774706345,7.987129
"Macedonia, FYR","MKD",2014,-200509668.22829,60879915.45137,4000880.5932,-50492778.3175915,660005145.236667,-71568230.4013343,2964236429.75075,3.540834354705,4.02453974438117,405745981972.994,13.1745367375671,29.8853588427432,112.971179958906,122954582,3.4,46.4371308333333
"Madagascar","MDG",2014,0,350652561.706165,-526573424.385114,-11661572857.903,4019346423.94554,-15431866016.333,773817675.98807,3.31585415515224,3.68596525270534,652021197597.324,3.8189217555967,5.19274609825562,74.6695666476954,3961124,3.4,2414.81166666667
"Malawi","MWI",2014,-4736025.70975542,598087746.648762,456826190.179976,-739321562.090501,180733114.044678,-1128539240.98294,617875527.264481,5.7000000037721,6.00703727276056,1196137931071.39,6.53557966705674,12.8495064634265,73.3990481007138,6096774,2.6,424.895808098656
"Malaysia","MYS",2014,16059874463.9851,10619431769.7803,103323086.547037,13097462075.5369,-11080244644.8053,14846475978.3781,115958884711.898,6.01216652008209,5.95402560062881,1014860364100.67,34.2912479913526,29.3527420183992,138.309446471921,63376041042,5.6,3.27285974643047
"Maldives","MDV",2014,-823034610.655564,333375218.034333,6597340.92387768,-290464920.685872,253362616.705045,-117821833.975177,627407086.124104,5.99732642311237,6.52346069452421,40854859235271,34.9041818119682,33.6569228177482,196.913906913217,8061150901.87743,4.67177677597495,15.3803935180893
"Mali","MLI",2014,614463.616522115,144022996.875095,230754368.044298,-484084287.121838,-485304348.802096,-675835486.09073,860826741.834223,7.04335620365953,7.83964993921913,4510868394023.77,9.21070774958508,20.291554679368,55.1345334395518,-10672999761.0033,3.1,494.414952864937
"Malta","MLT",2014,-8993671057.50263,-306773130.798083,190166363.569205,175967830.111278,30356710.1254581,754642088.391316,619373741.26347,3.46097915656811,6.33588516782082,7561108805.1039,26.3144237541549,25.3898743288814,286.768649062759,849241705,5.5,244.248800112221
"Marshall Islands","MHL",2014,-46273000,9047685.07797494,8815755,-14037204.9667421,12.0426317587047,-4879368.57204494,34813275141.1188,-0.949645655320026,0.28342069954548,382896242763257,17.1520274210563,27.5935105780413,95.3198537147232,6705276773.1533,4.74558593115608,-380.296982734614
"Mauritania","MRT",2014,30016000,502589833.81816,16027385.6460926,-1518484809.89373,-385773898.67373,-1473118227.40934,22978700536.2416,4.20621405554971,5.8632403003077,11192140162556.6,28.4445513687679,25.8911248191594,103.717168518795,4379132017.90541,2.4,302.725
"Mauritius","MUS",2014,90818245.9440395,418430127.752959,-713400217.840859,-612006085.199624,755847224.736363,-714255680.396127,3920881279.02821,3.74457443372475,1.15178364633044,283306946077.26,8.50860323112159,4.32817449317843,113.292795527238,276502,5,30.6216166666667
"Mexico","MEX",2014,7462804020,26947953856.29,-2095882848.01405,-43814972561.6672,16721932950.5361,-26248568796.3,195681644250.838,2.2453085669359,2.93428996488471,13614248089996.1,20.477833419468,21.4520940358487,65.6794861545394,49402709617,4.3,13.29245
"Micronesia, Fed. Sts.","FSM",2014,-511900,20209300,21231500,37800500,10509971.4586887,22407600,114124980.53687,-3.40290533062534,0.336516640472032,-342440132111513,27.8351999333239,23.1260933818205,119.004923408968,-24152697576.1934,3.90710890736451,1
"Moldova","MDA",2014,35490000,349930000,96780000,-563660000,-509205902.023191,-569080000,2156677865.16685,4.799999749427,4.15594661854921,23971278403.0856,-10.9317269076305,18.5113462418563,120.059794734494,23886881,2.2,14.0356300499232
"Monaco","MCO",2014,NA,NA,NA,NA,NA,NA,NA,NA,NA,NA,NA,NA,NA,NA,NA,NA
"Mongolia","MNG",2014,107935439.466876,337768268.083171,135580250.70447,-1974877780.55108,-470975502.137615,-1934341990.19237,1651791213.59642,7.88522582881501,5.12998961444254,15439775969203.1,30.3509828574477,23.445575328926,109.32231164163,33611478,1.7,1817.93870833333
"Montenegro","MNE",2014,27877289.001118,496835255.407952,-8867.26292482201,-159013577.910165,161118792.231291,-698725866.932516,661395517.475374,1.78365267085452,1.15753837582635,1672013372.57294,0.381124959187905,5.01018941106084,100.127648954386,7721070,4.2,0.753730736717402
"Morocco","MAR",2014,431230069.369498,3525625590.44221,1777265.20406105,-5590162077.90833,3725922918.61066,-6267165383.81393,20526505866.4643,2.55104466824531,1.78231653125454,860907138721.978,19.6650196601479,26.3570360796175,81.1770322703574,869791832,4.9,8.40633668826152
"Mozambique","MOZ",2014,97009245.0140001,4998799334.35621,374887854.758473,-5444882852.00001,-107340848.567879,-5797145543.34139,3221261234.18655,7.44383742854022,6.51532554163894,429361953674.007,3.95862723556877,10.8590869202253,118.122605694891,43938980,3.7,31.3526877009443
"Myanmar","MMR",2014,-6392895763.02698,2175015283.77713,-1778801.24180657,-636472584.101649,672923848.369936,-2724552594.598,49126337547.9817,7.99124334352032,6.89153069920611,52831176083461.9,1.9656472381654,22.1609280359914,42.2588121887143,-6669596287.77352,2.6,984.345747560046
"Namibia","NAM",2014,-90057333.1189231,405454698.164731,137728718.559976,-1141953572.10793,-1255259002.89404,-959125520.408839,1177200538.15256,6.45880961469447,6.99169723635127,109875549460.09,12.1175373205077,25.3887455253376,104.504142100699,83161368,5.2,10.8526555687831
"Nauru","NRU",2014,0,0,1960243029.66417,-4018184639.96184,-2558640491.8236,4185326807.83244,45775261328.3275,36.5241970345202,30.2980536336668,574868929775244,22.0890582053551,29.5330641167387,105.212179953126,22187635345.1265,2.63156420495253,2073.70425896606
"Nepal","NPL",2014,-11220815980.2725,30403267.3342737,141227104.547206,798253970.510058,846437099.645956,496224879.05871,6216255232.30751,5.98898466088025,6.96720001264373,739938611497.856,11.922786263917,46.5861054311867,52.2551956792045,1058351,2.2,97.5541666666667
"Netherlands","NLD",2014,57664979689.1201,101393606621.904,-732914518.140147,81607907415.352,-1595855002.41671,78608328486.554,43054424385.9934,1.41969029584088,-0.226252940521547,634772933828.695,29.311863506926,27.0745428064853,154.288485206815,70308349003,6.8,2643.93762387559
"New Caledonia","NCL",2014,62992282.3314623,1797318131.24196,10975299.5148166,-1519345914.28304,-1450424303.67094,-1468969253.59968,-52471280934.0405,0.42697712550459,0.804453765348606,-48454113086502.8,12.9124121169088,27.0936619216772,102.832615263682,136661132,4.35404798774767,-979.593765807532
"New Zealand","NZL",2014,1422388363.46075,3295679653.58657,32402618.9127176,-3401551793.73416,-139554931.928462,-6369733015.76587,15861076053.6333,3.57617579967464,3.58412539539654,232597560729.226,23.3490839757938,19.240539881414,55.2350161651331,644639540,5.8,1.20543333333333
"Nicaragua","NIC",2014,79900000,883500000,298300000,-1012900000,313421688.552994,-913400000,2276177372.24628,4.56521214601311,4.91423767385069,167252302137.061,9.80486964259562,19.4406426193981,102.395346105997,8198780,3.2,25.9589003667435
"Niger","NER",2014,88543025.5959063,821872313.744526,939571495.434958,-5951789536.08052,-8617402798.1655,-5396599205.7426,1281483680.13588,7.04979794804296,7.72370165283451,2945169011449.8,19.5790812259021,18.8686979564946,60.1819503773482,69108666,4.19031768298791,494.414952864937
"Nigeria","NGA",2014,1601232660.37564,4655849169.77532,-3049712783.82004,-12186821024.1576,-8384095774.7251,899199643.808741,37497241208.0224,6.30971825251392,8.12722999875268,61976083412263.8,21.7877611060543,22.2426293865794,30.8851935972786,139618952,3.2,158.552641666667
"Northern Mariana Islands","MNP",2014,0,3200000,1390730808.61546,-19318426225.5429,-9926624047.48212,-34992332734.8749,-253282773873.927,3.42512318610605,3.55117194474977,170652784827152,26.1973948292161,21.5591713920544,96.0696301242335,-52083482137.9079,4.1737347593776,475.566233641746
"Norway","NOR",2014,27490562145.3215,6152385999.48393,-200579036.410859,62972536554.0689,7179118302.69697,54964662112.8759,64800734876.8257,1.91881952572395,5.24418349126685,2820416086815.53,37.0505905194004,40.2724998593462,68.8179517642979,5226184042,5.7,6.30166666666667
"Oman","OMN",2014,1356306892.06762,1505331599.47984,-130559167.750325,2809089726.91808,1117388203.26004,4188411259.02029,16324458541.905,2.54273924150128,1.24170209278194,28993067188.7881,47.5768662943706,29.5014755090493,116.252647795109,230872191,5.2,0.3845
"Pakistan","PAK",2014,1.22e+08,1.867e+09,1.961e+09,-1.68e+09,7098741398.90503,-3.616e+09,14306813743.5247,4.67470798143725,5.16438018096829,10434502051231.4,8.21919435587029,22.5727530091317,30.9012446161031,259253378,4.4,101.100088423521
"Palau","PLW",2014,0,39860115.385,21052420,-15019963.4173458,13.6713811181049,-48393720.9253058,-47406544783.8756,4.25652667423381,3.1633850549844,-13816174731059,19.1853889183329,31.5529813762431,150.754125149462,1102773,4.27768708331517,-293.02754639269
"Panama","PAN",2014,780900000,4761200000,24200000,-5092600000,396964351.348857,-4794500000,4032197650.08614,6.05333395748056,6.43777292419556,33775809870.8551,39.2022718100028,33.251309072295,114.983038930203,231391,6.3,1
"Papua New Guinea","PNG",2014,0,-30389394.5888189,9709980.35658786,3112028390.51997,-104723790.317782,2386867556.27421,2329505281.50071,8.5339018016779,7.71204568574274,-281217272922697,12.5237979183896,29.8724330901518,76.3209807660589,11303643936.6002,3.25841298318266,2.461385
"Paraguay","PRY",2014,113328000,459020000,1.41e+08,-343845277.777778,1138104357.24011,-127003570.7593,6986587125.88019,4.72233374488668,5.71699417805314,27255383935880.6,18.5991149891047,15.5844607306216,88.0707726139262,55955000,3.2,4462.19166666667
"Peru","PER",2014,95952000,7884539123.8287,33191483.7,-9005934079.46402,-3307472624.33786,-8196270819.3935,62529774258.1106,2.35433303756285,3.07306345831289,476269826572.03,23.015873015873,20.9485529283583,46.7924594414661,185817380,3.7,2.83904413780664
"Philippines","PHL",2014,6753922593.24043,5739574024.13183,107884711.67,6773174251.60322,-2858083225.00522,10755931842.7773,79629434478.0397,6.21842575154629,5.77016218792036,6868176305817.19,16.9525997302386,45.9939643306529,61.2633898020038,23839225492,3.5,44.3951543042097
"Poland","POL",2014,6.799e+09,1.9776e+10,1.3305e+10,-6.351e+09,370545396.419215,-1.1444e+10,100452428565.274,3.28257009347972,3.07584750410301,1615744018569.7,21.8087531342603,18.1834213911231,93.7364802314817,14487253098,4,3.15454166666667
"Portugal","PRT",2014,9445403987.75187,13116192059.9666,3389116463.12362,3891499756.32119,-185765384.744856,93632113.5217487,19700742158.7829,0.905793617822454,0.591365107484492,170271127140.215,15.5209380440016,14.5930749486436,79.7113377963351,2088870513,5.4,298.468061485785
"Puerto Rico","PRI",2014,17875770366.5907,16398213672.6397,1263502960.68702,1995510269.16258,9263825626.46742,11967494290.3399,88679496479.9167,3.72938165295362,6.0740943978304,10924952927443.5,29.1487790017683,14.5467679103009,147.973584939436,20507954880.2572,5.4,584.688466565623
"Qatar","QAT",2014,6748351648.35165,1040384615.38462,-2722252747.25275,44940790681.3164,1293542035.09061,49409890109.8901,43215461579.1448,3.97888214728583,4.97909232245787,724422562375.524,68.7519482906996,55.7493798773876,99.0343138952759,33285,5.4,3.64
"Romania","ROM",2014,269206756.850865,3869197075.10542,5206027562.31925,3962532530.30222,3959655266.04487,-1382752069.81905,43186336194.6859,3.07630230971144,4.11045792515581,411667812365.577,24.2509993360709,24.1010836167978,82.8234678892382,3439802540,3.4,3.349175
"Russian Federation","RUS",2014,57082200000,22031320000,-42005080000,23502190000,-107545881269.666,57512800000,386216377124.801,0.706370560425242,0.99848288978697,61665112795894.2,27.7163130103725,24.0072361206599,48.4452695484886,9842669327,3.9,38.3782071444168
"Rwanda","RWA",2014,3787824.11073314,291726096.488204,337050427.947147,-681766971.337638,-90424190.8729908,-1046617576.9744,1065966506.51205,7.00913242009133,6.82183470656976,4662291789722.39,9.47173308619092,14.09364459948,46.1723818350324,6554503,3.6,681.861718947266
"Samoa","WSM",2014,4328891.93920772,22838887.6043212,39261940.5920665,-48628506.249938,-25120049.7294679,-48619012.1937578,140650300.35772,1.19614733672142,0.233598718539474,-48875197181078,19.3792481718542,25.3590604098427,80.6937945807395,365039,4.58334531885544,2.33176884618308
"San Marino","SMR",2014,-8272744302.1098,-10524675913.8792,466891880.190714,20129216993.7293,10339532548.0108,14848657633.9285,392044453.61038,2.99630215092412,3.80588862573178,-132964222066415,27.3760862982273,28.5306012052499,125.604686503761,-15288393054.84,3.88940482243624,0.753730736717402
"Sao Tome and Principe","STP",2014,3931551.10796219,27098307.1934451,29587228.2731871,16015121.4364427,-1955390.00521946,-103876363.776194,63425762.4398582,6.20768173180228,12.0925975702347,2974125891933564,21.749200297155,-28.423313550383,52.0342985217725,2266,2.6803904893008,18466.4030495763
"Saudi Arabia","SAU",2014,5395990000,8011786666.66667,-328800000,63985985600,7477025157.10476,73758204316.5835,744440558276.383,3.63869904904455,3.91124633172757,2474408888911.4,41.6664514698064,38.7203886172299,80.9098688336814,254366095,5,3.75
"Senegal","SEN",2014,27423118.8224272,402561894.30899,437000739.455836,-900357841.971671,64640882.3123488,-1347835449.02624,2038122865.07022,4.31105102139782,5.31941720511806,5327719053019.7,5.63145025953991,17.1612939061363,75.3965417247799,9962862,4.4,494.414952864937
"Serbia","SRB",2014,350704539.869283,1999520402.41831,8806272.18331594,-2254934671.60749,-1597113327.15413,-2634631881.72953,12051957206.1255,-1.8313011070928,-1.78027819716081,3155543188783.03,6.64687017138371,11.6370614841992,97.5988658067086,-15376779036.0164,2.6,88.4053083333334
"Seychelles","SYC",2014,-76845685.4976973,108307006.049257,39059962.8064213,-191931059.550131,41191553.0975297,-310277453.582264,465010247.078457,3.31698502839441,3.16809668598171,-385847954226016,22.2186576959135,16.3273547885429,181.288346109303,638020,5,12.7470333333333
"Sierra Leone","SLE",2014,0,403907287.08912,162641803.123009,-738683297.060408,-504790307.389195,-910410846.35374,600785081.236538,4.55677236618281,2.98457548439221,8543068489141.62,-7.97659253798212,6.14023314479081,83.1857952601718,7244,3.4,4524.15788192546
"Singapore","SGP",2014,39131289215.106,68495560554.0429,2494265788.07243,53032398090.0517,6818885311.58566,53515725504.1237,261582784388.068,3.26001528805058,1.31046028079453,371213004077.343,53.3734017914877,46.394531148278,359.773449193521,137369116389,6.7,1.26705
"Sint Maarten (Dutch part)","SXM",2014,1217877.09497207,47709497.2067039,3692737.4301676,-77402234.6368715,63586592.178771,-110301675.977654,-54194253657.3404,2.38488830035713,2.04640817097207,-406216532826330,16.0056016783277,18.8189097434784,67.0067159121052,-12634332852.5031,4.23243952320107,-950.551110405305
"Slovak Republic","SVK",2014,350982089.088306,-362446778.78493,936979606.793844,-352884257.009774,552272767.657303,1243553790.58065,2620754377.66765,2.57085259277925,1.73986469169758,71466883348.335,25.2504349813531,21.9088503068845,180.039364362418,7706617343,3.5,-108.539816010561
"Slovenia","SVN",2014,212711749.25492,1019291464.99628,219350400.753195,3165364126.311,124418252.069202,3086108606.20387,1016370503.96263,3.10628019333301,3.51945771333962,36051939560.9566,27.2682706752304,25.8763180445016,145.327900239519,1479152863,5,-649.41263766458
"Solomon Islands","SLB",2014,673085.242613367,21022029.9741671,70628600.2819652,10701177.0157618,700671.880197085,-49565109.1606839,495902625.3202,1.50742629128797,3.5875333027704,-769884723057965,27.0869071580149,18.8714982261311,113.494060961313,0,4.18926927958084,7.37534535364211
"Somalia","SOM",2014,9605660808.46978,4.34e+08,2220223851.08257,37606253734.6002,-12097778414.4944,39506338917.1529,-103522183273.231,5.67767806337034,6.5635185860878,-351300971754448,20.4605607018179,24.2598794951126,76.1643350451567,-3423172552.71654,3.81450345856486,-224.076353523325
"South Africa","ZAF",2014,7692076889.07784,5791659020.09998,21761207.9484841,-13917745388.3082,1398386181.04315,-18632870503.6848,49121577905.7977,1.62887154261438,1.59015332878639,3007727592664.72,19.0259053713115,15.4583886702714,64.0869357896054,2488862532,4.9,10.8526555687831
"South Sudan","SSD",2014,6613104126.97941,1035825.73,223497638.778648,-656921478.300163,-521306547.430119,-935399216.881412,416809200.65698,3.37364847715736,-0.796329843371296,18618000064.3914,-3.49995999070791,-9.37681253149155,54.1638639978693,219675632.787476,4.35176140128308,2.95
"Spain","ESP",2014,45275979852.6233,35775858956.5103,6598655170.31753,14361794337.0969,4855194817.64657,14151708462.4127,50411867872.7529,1.36067301686447,1.42148771177506,1020240383613.26,22.2727534672865,20.7953320919813,62.595854623689,15400981205,5.8,-200.252970815019
"Sri Lanka","LKA",2014,66823329.7738408,893628980.287066,58254756.3118488,-1536054932.11036,2267638313.95654,-1987684224.225,8210750397.22915,4.87860303349355,4.93361202294813,8361666506077.72,23.9717547432737,29.4879857830713,49.8308749215197,67647675,4.2,130.564685218829
"St. Kitts and Nevis","KNA",2014,2443333.33333333,120122222.222222,376980005.203191,2167174843.57752,661044162.795385,3979525298.08387,327252729.165287,5.96305655603146,9.13898250630226,339501186361379,35.6429536010271,29.7986508900868,94.0681679882111,9959863616.30375,4.30370187563141,2.7
"St. Lucia","LCA",2014,2505555.55555556,93141481.4814815,-470006841.60807,-10635899789.0303,19138524846.5817,-18516399197.9522,257658591.287367,0.437189169326558,1.46187102370868,232121521149203,10.9670793828417,24.8356912650325,99.2113974761545,1728467,4.613803148812,2.7
"St. Martin (French part)","MAF",2014,NA,NA,NA,NA,NA,NA,NA,NA,NA,NA,NA,NA,NA,NA,NA,NA
"St. Vincent and the Grenadines","VCT",2014,377407.407407407,109812222.222222,-643532980.370335,-8040607226.18624,-7740456290.17394,-372902726.634141,157371375.968024,1.15211620650193,0.585577326544522,178173330171703,-6.0525156502768,5.43425887117094,82.1199282820094,-8899583869.78649,3.16609311138173,2.7
"Sudan","SDN",2014,1184116585.11422,1251280889.37784,212766975,-1896938333.9072,-351789694.934094,-3545466635.30172,181457791.99933,2.67941181278037,39.8059372261875,25408591620.153,13.2790944658384,5.5172582227355,19.458834255033,-11617885166.406,1.89191544102058,5.73686666666667
"Suriname","SUR",2014,-223771553.71,-59884331.954193,-446763.1201299,-838613621.011567,-150176708.713245,-415465314.80457,625144603.870791,1.84290923425642,3.2972200377867,11169874439.9519,62.6148656508084,62.6489860808817,98.4413167383971,10156828,4.4,3.3
"Swaziland","SWZ",2014,516030.312345037,26584893.8907063,77950318.0960666,306914499.247344,-127750116.180608,145305251.831881,690755706.19984,2.74848260751214,6.23706201768938,38452847598.1574,10.8122483234402,23.3599365445113,102.685051444522,6468770904.52004,4,10.8526555687831
"Sweden","SWE",2014,-4113688747.37683,-9347482506.87451,-808261237.495459,17225026414.6279,485617113.171001,26465266351.8689,62579183852.2533,2.60432656462434,2.14729080242154,3738946003023.11,27.6656404629093,27.5007377126216,85.7506528078357,16555746623,5.6,6.860785
"Switzerland","CHE",2014,7469528385.20016,18375399204.5006,-11755951307.1089,47102803622.1413,35899751004.4048,63514006492.5809,545787304073.241,1.99688615861997,1.10006352723582,641984727846.25,34.8718457315499,33.0817401202945,117.933809851844,55906710140,4.9,0.916151047283613
"Syrian Arab Republic","SYR",2014,0,-4280755231.97445,-1556508918.78145,-9858687878.87462,-16461259219.2442,-16679310921.1979,-144548657710.312,3.46248949082101,5.2589951166232,-118158573708480,16.7533183677401,30.3498716813462,84.0774255039173,-31178522487.8215,3.50546463224008,11.225
"Tajikistan","TJK",2014,-5733650878.28132,309306960,123985478,-383339865.796043,-85113057.3219384,-261174235.659103,512645378.02219,6.69925065988284,3.19651920265885,-271136559418974,-3.33582654649596,21.3057445514578,53.903717558524,-4717127367.50301,2.1,4.93756666666667
"Tanzania","TZA",2014,0,2044550442.81909,535480739.826718,-4149741487.15203,-256599949.74232,-5017462591.68674,4390430958.69201,6.96513331674484,6.80440319476952,41194742277994.8,19.7565475534536,19.6708028063983,49.2025178022855,22713535,3.3,1654.00451119232
"Thailand","THA",2014,5741755221.8,4975455660.2,100340000,14993367206.3,-1209843526.58568,15099621861.6622,157162747543.287,0.817633101784082,2.13851436861134,9219241604273.69,30.6867666232569,27.8867310102607,131.956512501986,34992376969,4.5,32.4798333333333
"Timor-Leste","TMP",2014,12666666.6666667,33905491.522696,-3270599.0860505,1011123833.24397,-389607328.157418,1106158841.68059,311471103.17786,5.86113615870154,-22.7212627450849,1160719730.9417,-47.7483917083631,110.759727441804,101.429592566119,12913259017.7948,2.2,-10391.3315389879
"Togo","TGO",2014,358492818.578687,64061452.463094,318635909.142974,-144908420.719977,73300196.4094891,-457860059.49515,506958304.40665,5.87172631921244,7.32743496389721,1502278220402.89,4.72105644400258,1.80602122488247,107.418388392826,530152,3.66490450921241,494.414952864937
"Tonga","TON",2014,11479502.0495243,56043795.3833,408550400.0025,-3964336064.43049,6731791247.70129,-5238394876.6182,158784858.205562,2.06468458741756,4.03188194917709,-8140253056803.62,24.5079662960752,21.9673467983833,74.9743066528972,24663,4.40403884648433,1.84677368453546
"Trinidad and Tobago","TTO",2014,1274635672.4634,2488800000,587183870.569635,15996383787.3013,-5995513510.23751,18505269294.5724,11971240516.5882,-0.575925252656859,-1.38465437346125,90385877086.4547,27.0742983596004,31.5497182877364,80.3878098400133,3929791741.23346,4.2,6.40909457829793
"Tunisia","TUN",2014,21794448.8949625,1024754443.57725,300351951.934263,-3907697291.88449,-131716841.682588,-4340583445.00567,7498011535.46661,2.86812367021876,4.80806590779556,294311443875048,12.811695703821,13.8906378775709,102.121485844387,706923421,3.9,1.697675
"Turkey","TUR",2014,7.047e+09,1.2523e+10,-7e+07,-4.2062e+10,-484483477.920441,-4.3552e+10,127421926598.114,3.02011821310668,3.04253924735454,122805994420.262,15.7678184164856,14.9261617354497,60.0130499370702,2346682136,4.4,2.18854241775473
"Turkmenistan","TKM",2014,11995111756.4949,4170086000,2543367497.87619,17492994631.0762,-610714185.496873,16324794443.0874,19641862712.9453,10.2999999705459,14.3107488829791,290352394055929,39.2081390865804,8.20496472778106,77.7266280047625,5530323182.63398,3.34024315773589,4522.89748515404
"Turks and Caicos Islands","TCA",2014,NA,NA,NA,NA,NA,NA,NA,NA,NA,NA,NA,NA,NA,NA,NA,NA
"Tuvalu","TUV",2014,-7730969469.13809,630994.447248864,-2004293963.55577,15447054517.3557,9149654069.96482,24297051445.9033,169071997404.453,2.23586593546206,1.86157169452385,184500935817890,12.0979863818952,18.663830910536,94.3908802705183,15754780744.7503,4.55941296042067,-390.95508212726
"Uganda","UGA",2014,27018297.3519362,1058564540.34685,152996419.749108,-1632381517.94876,24272776.4880709,-2431329416.04694,3316364056.74889,5.1838289628917,5.07343035127236,50824869352400,17.0167005805942,19.16570821344,45.5397081214841,10556376,2.8,2599.78852141862
"Ukraine","UKR",2014,5.48e+08,8.47e+08,4e+08,-3.663e+09,-13307894526.3733,-4.596e+09,7538804525.29179,-6.55261889108043,-6.02400257023874,1141133850142.24,9.89063686460836,9.87754887312802,100.691782483624,1921996739,3.3,11.8866594166667
"United Arab Emirates","ARE",2014,9019073569.48229,10823379305.5165,-805077701.186092,35030926747.2721,10270913454.1522,37165103656.2215,78424385724.3758,3.07988433054452,2.80826367023003,1240844840961.37,45.4256258167134,29.5583820217977,173.355344938426,1555995856,6.5,3.6725
"United Kingdom","GBR",2014,-119375111690.2,71364193884.4795,-658101137.280527,-128446338766.226,10140271767.2186,-139686372781.768,107727629479.029,3.07048379406776,2.3242802571725,1713617631547.26,15.4212391905535,12.7500234089864,58.1367696764848,70652924421,5.6,0.607729626878255
"United States","USA",2014,3.43439e+11,2.07367e+11,-4.6e+07,-2.87378e+11,-3583471738.23292,-3.92066e+11,434416453479.958,2.37045767146387,2.33450610838655,16185597676791,17.0882906862565,19.2739041446486,30.2381581940842,155640595588,5.7,1
"Uruguay","URY",2014,236648512.848617,2385090966.36033,1.2e+07,-2663118319.83042,1337471121.58768,-2579948890.7531,17554715109.2235,3.23879121621601,2.9223525379158,704099458126.478,19.200511408557,15.9047862021849,49.0876241012646,171097517,4.7,23.246025
"Uzbekistan","UZB",2014,744330070.046252,626195000,354484261.59153,-8806575013.31198,-7559802435.62359,-11155652867.5347,14224096447.5364,8.10000000197515,7.61050260250022,2960883467300,20.288672259348,15.1031561434589,50.505752708502,-1590638456.413,3.87660462152907,530.403443008249
"Vanuatu","VUT",2014,450411.145640561,13266163.5152466,31739670.678399,11879670.1411344,12282486.5748806,19453610.948304,183998614.771142,2.33100621490578,3.00909182180904,66060380620.8891,25.5950650368479,29.510814283986,97.9471362297589,-4954523385.44986,4.01289590440921,97.0716666666667
"Venezuela, RB","VEN",2014,1.094e+09,3.9e+08,-3794385318.83431,3.2e+07,-609103355.496684,3.598e+09,21454906878.6789,-3.89438647450662,-2.07190147223179,64355579619.1614,10.1070439918238,23.1195858836853,48.0908135255646,-4070236601.26306,2.6,6.2842
"Vietnam","VNM",2014,1.15e+09,9.2e+09,-6227260328.34938,2803700000,8374929603.66529,9.359e+09,34189370165.8009,5.98365463697851,5.34853104823137,2792371539966750,30.1076858066928,30.5174477685319,169.534524370622,30863791585,3.7,21148
"Virgin Islands (U.S.)","VIR",2014,NA,NA,NA,NA,NA,NA,NA,NA,NA,NA,NA,NA,NA,NA,NA,NA
"West Bank and Gaza","WBG",2014,-29649064,159711665.338643,691016712.345528,-1074919515.50639,-20485580.3390476,-2149193899.45392,672378108.54,-1.09138909634908,0.941881065020993,26031996964.6906,-20.6171945572777,2.09450266862406,73.7770928138504,1101491,3.1914059507779,361.712987087477
"Yemen, Rep.","YEM",2014,11590000,-233104668.580815,-822064088.33461,-1042690413.55423,-1296010666.17772,-1488253310.7538,130150422810.998,-0.188690232450909,2.78278055625111,-182857898940593,0.963087954433096,8.91587516639373,49.8365748424454,1219706,2.6,214.89
"Zambia","ZMB",2014,-9.76e+08,1507800000,5.1e+07,-353913271.766737,300965763.596541,-387327907.89247,3078364086.01179,4.69582637269048,5.72382090998544,-238119262686159,31.6241900001497,29.3754137792372,80.0635129674803,19026361,2.7,6.15281624812449
"Zimbabwe","ZWE",2014,7.2e+07,472800000,369400000,-1971493289.30395,-303671049.1545,-2254328167.14883,363833265.28051,3.84829030719978,3.60523032649165,12196773995.1698,-12.2011423258402,-6.01042300855727,79.5608826919233,11721077,3.6,1288.80179577357
